city,名称,id,纬度,经度,评价分数,介绍,封面图片
银川,宁夏保税国际商品展销中心,1835943,38.52441,106.227385,0.0,,https://dimg04.c-ctrip.com/images/fd/tg/g1/M06/FC/24/CghzflW7H_iATdynAAA-FlXAIeA738.jpg
银川,镇北堡西部影城,8834,38.615417,106.071968,4.5,镇北堡西部影城位于银川市西夏区。在这个以古朴、粗犷、荒凉为特色的影城中，拍摄了《牧马人》、《红高粱》、《大话西游》、《刺陵》、《锦衣卫》等经典影片以及具有影响力的影视片百余部，一大批中国电影界名人都在这里留下过足迹，如巩俐、姜文、张艺谋、葛优、周星驰、甄子丹等。影城由明城、清城和老银川一条街三部分组成，游客游玩影城可以沿着老银川一条街的“8字形”线路游览。在这里，可以看到20世纪上半叶的银川市容市貌，吃到羊杂汤等当地传统小吃。影城中的明城和清城是由明、清两朝遗留下来的屯兵城堡改建的，城廓还保留着西北塞外特有的荒凉残旧、破而不败的景象。在明、清两城中，你可以看到很多耳熟能详的电影场景，如：《大话西游》中孙悟空和紫霞仙子站立的城门楼、牛魔王的招亲台、唐僧的受刑台；还有电影《红高粱》中的月亮门、“我爷爷”醉酒后撒尿的酿酒作坊、九儿出嫁时乘坐的轿子、盛酒的大缸、碗具等。影城内很多地方都有服装和道具出租，在这里穿一套戏中的服装，用一用影片中的道具，在电影的场景中走一走，过一把当明星的瘾。去镇北堡西部影城游玩前，可以先重温几部经典的影片，再去游览，会有不一样的感觉。,https://dimg04.c-ctrip.com/images/10010z000000ny7agFB63.jpg
银川,西夏陵,8831,38.43096,105.98343,4.5,西夏陵，位于银川市西郊的贺兰山麓，是西夏王朝的皇家陵寝，埋葬了西夏王朝的多位皇帝。现在整个陵区有9座帝陵和140多陪葬墓，是中国历史上占地面积的皇家陵寝之一。陵墓的形状与其他中国陵墓都不一样，呈倒扣的窝头形。除此之外，景区内还建有西夏博物馆、西夏史话艺术馆，西夏碑林等设施场馆，帮助游客了解陵墓背后的历史文化。景区目前开放了1、2、3号等陵墓供游客参观，其中3号陵墓（西夏开国皇帝李元昊的“泰陵”）距离西夏史话艺术馆和西夏碑林相距较近。西夏王朝由党项人建立，文字、风俗都与中原汉族不同。王朝灭亡后西夏的城市、历史也都神秘的消失在戈壁之中，成为千古之谜，直到近代才被发现解读。在西夏博物馆内藏有丰富的西夏王朝文物，其中很多西夏文的石刻和带有西夏风格的壁画都是珍品。博物馆内部免费的讲解也十分精彩，可以帮助大家了解神秘西夏王朝的风俗、文化和兴衰，也能更加有体会的参观王陵。景区内昊王陵可以走近参观。巨大的倒立半圆形陵墓立于荒地之上，历史沧桑近在眼前，远处的贺兰山麓沟壑纵横，使人顿生悲凉壮阔的沧桑之感。景区内的西夏博物馆（新馆）全新亮相。馆内陈列分为西夏史、西夏文化、西夏宗教艺术、西夏社会经济、西夏陵、保护与传承等六个部分。展出了唐卡、文献、泥塑、铜铁器、织物、瓷器等近5000件藏品，其中包括了近些年来西夏陵考古研究过程中出土的大量精品文物。,https://dimg04.c-ctrip.com/images/350u1900000177n71B401.jpg
银川,鼓楼,8942,38.465215,106.281186,4.4,银川鼓楼又被称为“十字鼓楼”、“四鼓楼”，位于解放东街和鼓楼南北街交叉路口，临近玉皇阁和新华街步行街。楼总高36米，建在一个高大的方形台基上，台基下为洞形十字通道，与解放东街、鼓楼南北街相通。洞门额上有石刻题字，东为“迎恩”，南为“来薰”，西为“挹爽”，北为“拱极”。台基上为十字形歇山顶的3层楼阁。东面门洞两侧各辟一券门，南券门额上题为“坤阖”，内为一耳室；北券门额上题为“乾辟”。楼阁顶脊饰以龙首，中置连珠，呈二龙戏珠之势，别具情趣。鼓楼结构严密紧凑，造形俊俏华丽，登临阁上，扶栏眺望，银川景色，尽收眼底。,https://dimg04.c-ctrip.com/images/100a0z000000nju708682.jpg
银川,宁夏博物馆,147000,38.484832,106.235126,4.6,宁夏博物馆位于银川市金凤区，整个建筑平面呈“回”字型布局，贴应了宁夏回族自治区的“回”字。外墙装饰所运用的迦陵频伽、力士志文支座等建筑构件形象，以及四个大门使用的装饰图案，这些都是宁夏历史文化遗存的代表，具有鲜明的地域特色。博物馆共有四层，其中地面的三层对普通游客开放。博物馆的一层是观众服务厅和临时展厅。这里还有名为“石刻史书”的岩画展厅，进入展厅你就如同进入了一个远古时代。一般游客都喜欢去贺兰山内游玩远古的岩画，但在宁夏境内有很多地方都有岩画，这些地区很多都是游人罕至、交通不便。而在这个展厅内，游客可以近距离接触更多的宁夏岩画。博物馆的二楼是“宁夏通史展厅”，也是博物馆重点游览的区域。西汉错金银铜羊、唐代胡旋舞石门扇、西夏鎏金铜牛、人像碑座、凸钉玻璃碗等镇馆之宝都位于二楼。此外游客还可以在这里看到“凉州重修护国寺感通塔碑铭”的拓片，拓片上的西夏文比汉字更像方块字。博物馆的三楼是“回乡风情展”，展出的藏品以史籍和各种《古兰经》珍藏为主，是游客了解穆斯林文化和伊斯兰历史的好地方。博物馆为游客提供收费讲解服务，在博物馆问讯处的柜台上，摆放着免费的《博物馆导览图》、《展览介绍》等，游客可以自行拿取。,https://dimg04.c-ctrip.com/images/0105z12000iix85dd1848.jpg
银川,黄沙古渡原生态旅游区,8829,38.560379,106.544568,4.5,宁夏黄沙古渡国家湿地公园是国家AAAA级旅游景区，宁夏21景之一，位于银川市兴庆区月牙湖乡，紧邻黄河东岸，距银川市区28公里，河东机场38公里，银川火车站43公里。湿地公园规划面积32.4平方公里，分别由功能服务区、治沙推广实验区、生态文明展览区、黄河湿地保护区、沙漠欢乐谷区、黄河古渡文化区、边塞风情区、民俗文化园等区域构成。黄沙古渡是一处古老的黄河渡口，是明清宁夏八景之一。明朝庆靖王朱栴诗《黄沙古渡》描述了这里的壮丽景色，也阐述了黄沙古渡在古时交通上的重要地位。在这里，您可以亲临康熙渡黄河的古渡口、昭君出塞和亲留在大漠的月牙湖。园区内的大漠风光、黄河古韵、自然湿地、黄沙拥长河的塞外奇景，是原生态自助游的好去处。古老的羊皮筏子，原始的沙漠之舟骆驼，现代的湿地龙舟，刺激的沙海冲浪，是一个好玩的地方。园区深入挖掘了黄沙古渡历史文化，恢复了黄龙台、黄沙嘴、宁河台、禹王阁、观日台、禹王井、黄龙镇河、古渡口、黄河渔村、黄河古镇、古渡人家、黄沙古渡黄河楼、浑怀障、芦荡飘雪、黄河人家、古渡、黄河小镇、大漠孤烟黄河落日、烽火台、横城古渡、横城堡渡黄河、朱栴巡边、康熙渡黄河、黄河古韵、昭君出塞和亲雕塑等古迹景观；复原了大漠驼场、漠北大营、黄河滩老羊圈、黄河古道、塞外老牧场、治沙人家。,https://dimg04.c-ctrip.com/images/01031120008hk0f91051C.jpg
银川,玉皇阁,8832,38.464968,106.284146,4.4,玉皇阁始建于明代洪武年间，迄今已有600多年的历史，是一座重楼叠阁、飞檐相啄、结构紧凑、玲珑别致的传统木结构大屋顶建筑。因内铸玉帝像，故称之为玉皇阁。玉皇阁主阁为重檐二层阁楼，阁高约有22.1米，台基呈长方形，犹如大鹏展翅，凌空欲飞，气势宏伟。玉皇阁同鼓楼遥相辉映，别有情韵。登临阁顶，可凭栏西眺巍巍贺兰山，东望滚滚黄河,https://dimg04.c-ctrip.com/images/100i0z000000nhefsCF6B.jpg
银川,南门楼,8945,38.457681,106.284536,4.4,南门楼又称南薰楼，南门楼通高二十多米，台基正中壁有一个南北方向的拱形门洞，台基北面门洞两侧有台阶，整座建筑结构严谨、气势恢宏，非常漂亮。,https://dimg04.c-ctrip.com/images/100l1f000001gqgoh2415.jpg
银川,银川南关清真寺,8823,38.455292,106.280366,3.7,原寺地址在银川南关外“拱北”亭，规模较小。1916年将寺址迁入南关内，建成一座具有古典风格的大寺。60年代寺院在动乱中被毁殆尽。1981年募资在今址重建。,https://dimg04.c-ctrip.com/images/0104612000f6scncr25BD.jpg
银川,银川鸣翠湖国家湿地公园,140407,38.388334,106.374643,4.0,银川鸣翠湖国家湿地公园，位于宁夏银川市兴庆区掌政镇境内，距银川市区约10公里，距离黄河约3公里。这里是黄河流域、西部地区第一家国家湿地公园，景区集黄土高原、黄河、湖泊、芦苇、湿地等景观于一身。当你来到这里游玩后会有一种感觉，这里不像是大西北，更像是在江南的某处，银川不愧是塞上江南。公园内里湖水清澈，一派江南水乡的风景。夏天你来到这里，可以沿着水边漫步，钓钓鱼，近处是垂柳，远处是芦苇。你还可以在湖中荡舟，近距离的欣赏荷花。景区为年轻游客准备众多娱乐项目，比如：水上梅花桩、水上S桥、水上云梯等水上娱乐活动，此外还有一些刺激的拓展运动可供游客选择。如果你是冬天来到景区，也不会让你失望，可以在景区内的滑雪场玩玩雪上运动。如果你是个鸟类爱好者，那么你在春夏时节，能在公园内观赏到成千上万的珍贵鸟类，其中不乏有黑鹳、中华秋沙鸭、白尾海雕、大鸨等国家保护鸟类。湿地公园可以分南北两部分，几乎所有的人工景点和娱乐项目都在公园的北部，公园的南部是非常自然状态的生态保护区。公园有四个入口，几乎都位于北部区域，西南部的入口位于南北两部分的分界处。,https://dimg04.c-ctrip.com/images/100a1c000001cv58eEBB8.jpg
银川,海宝塔寺,8820,38.492275,106.280792,4.5,寺内殿宇主要有山门，接引佛殿、大佛殿、韦陀殿、卧佛殿等，都在一条中轴线上。海宝塔是建在大佛殿和韦陀殿之间的砖结构楼阁式建筑，通高45米，由塔基、塔座、塔身、塔刹构成，整个塔的建筑外形线条明朗，层次分明，风格古朴、粗犷，且塔内有木梯盘旋上升直至塔顶。海宝塔自古以来是宁夏有名的佛都寺院，每年的农历七月十五，这里会举办庙会，庙会期间，非常的热闹。,https://dimg04.c-ctrip.com/images/100e0z000000nl738DAE0.jpg
银川,承天寺塔,8818,38.463528,106.269726,4.1,承天寺塔，位于银川兴庆区（老城区）的承天寺内，当地人俗称“西塔”。承天寺始建于西夏垂圣元年（公元1050年），西夏开国皇帝李元昊死后，其子年幼登位，皇太后为保其子“圣寿无疆”，和西夏江山“永固”，建造了承天寺和承天寺塔。承天寺塔是宁夏惟一有文献记载始建年代的古塔，原塔在地震中震毁，如今所见的是清代重建的古建筑。承天寺的寺门是朝东开启的，与中原寺庙大多“坐北朝南”有所不同，这可能和西夏民族崇拜东方或太阳有关。进入大门后，东西方向的中轴线上坐落着五佛殿、佛塔、韦驮殿、卧佛殿等主要建筑，各个建筑之间，用小门和围墙连接，行程了四合院式的院中院，小门上有很古朴砖雕的垂花。现今在承天寺内还能登上高达六十多米的承天寺塔。塔门也是面向东开，当你进入方形的塔室，会看到这里有木楼梯盘旋而上，在三、五、七、九层，有南北方向券门式的明窗，在四、六、八、十层有东、西方向多门式的明窗，而在十一层有四明四暗的圆窗，在这里你可以通过明窗眺望银川市的老城区。承天寺塔的每层之间的塔檐上下各挑出三层棱牙砖，各层檐角石榴状的铁柄上都挂着铁铃，微风吹过时，叮叮当当的作响。在承天塔的周围，有六棵400多年的老槐树，与照壁上精致的雕刻相映，充满了古朴的气息。寺内曾经还设有宁夏博物馆，现在已经迁走，如果你的时间比较充裕，在寺内散散步，听听古塔上的铁铃声，怀古之情油然而生。,https://dimg04.c-ctrip.com/images/100i0z000000nhacs6825.jpg
银川,中山公园,8943,38.476111,106.267458,4.4,中山公园是银川大的综合性公园，也是宁夏历史悠久的公园。园内现有各类植物2万余株，名木名树及重点保护树木101株，绿地率79.41%，园内动物园占地90亩，有各种野生动物500余只。这里原为西夏国元吴宫遗址，后毁于战火。明嘉靖年间，此为镇属兵马营房，俗称“西马营”。1929年，冯玉祥属下门致中在此兴建公园，正式命名为“中山公园”。现有夕照亭晚、菏池摇江、铁牛临池、古墙秋草、月榭泊舟、曲桥柳烟、银湖卧波、鸣钟问月、武穆诗迹等18处景观。还建有动物园、温室、少年科技站等多处景观。的古迹文昌阁就坐落在银湖北岸，建于清代，气势雄伟，是园内的主要标志。鸣钟亭内的铜钟是明朝成化年间从西夏废寺中得来，公元1465年重铸，钟高7尺，周长9尺，重7000余斤。该钟造型独具风格，相传这口铜钟夜静不扣自鸣，清朝同治年间有人想用以铸炮“未能化，以八牛拽之不动”。,https://dimg04.c-ctrip.com/images/0102o12000f6pwr1o99A6.jpg
银川,西夏风情园,1414394,38.478816,106.036402,4.4,西夏风情园旅游景区以西夏文化为主题，以实景演艺为主要表现形式，是集休闲观光体验、科普教育示范、红酒文化品鉴、餐饮娱乐服务等于一体的高规格、多功能的绿色旅游示范基地，景区占地2500余亩。景区先后荣获“宁夏回族自治区文化产业示范基地”、“银川市文联创作基地”等荣誉称号，并多次入选《全国优选旅游项目名录》，是您了解西夏民俗、探寻神秘西夏文化的必体验之地。西夏风情园占地2500亩，其中水域面积300余亩，位于宁夏首府银川市西夏区，距离银川火车站、高铁站仅10公里，东临西干渠、南依空军铁路、西接110国道、北靠北京西路，交通便捷，环境优美，左依西夏王陵景区、右附镇北堡西部影城，并与贺兰山岩画景区、贺兰山国家森林公园景区等形成西线黄金旅游带，是贺兰山东麓文化旅游带和大银川旅游圈的特色亮点项目景区。  西夏风情园旅游景区坐落于贺兰山脚下，显得古朴而静谧，走进景区能感受到西夏王朝的历史气息。园内凝练西夏建筑的精粹，有大气磅礴的皇家建筑群，也有湖畔林中闲情逸致的木屋草堂，游客至此，能感受到西夏建筑艺术的精美绝伦；园区草木精致，风光旖旎，既有风吹草低现牛羊的塞外风光，又有小桥流水的江南诗韵，处处亭台楼榭，次第鸟语花香。游客还可以了解笔画繁杂的西夏文字，欣赏西夏陶艺，或漫步在西夏繁盛时期的市井街、寨堡等。除此之外，还有气势恢宏的《宋夏和议》实景马战表演，通过激烈的战争场面，再现了西夏王朝的辉煌历史。  主要景点：1.西夏市井街2.西夏陶艺馆3.马小萌西夏田园4.米擒酒庄5.文字馆6.土灶烧烤7.风情美食街8.滑雪场演艺节目1.大型实景马战表演《宋夏和议》2.民间艺术《擂台杂耍》体验项目1.骑马2.射箭3.品酒4.陶艺5.瓶绘/手工6.团建拓展,https://dimg04.c-ctrip.com/images/350k1d000001esjvcADD6.jpg
银川,黄河军事文化博览园,69614,38.396475,106.489659,3.8,黄河军事文化博览园位于银川滨河新区，黄河防洪线以东，203省道以西，北京路与纬四路连接线以南，规划建设总面积258公顷。目前黄河军事文化博览园距银川市区30公里，河东机场6公里。园区总占地面积3500余亩，预算总投资20亿元，总建设项目分三期完成。主体建筑有建设的“银川舰”安置、“银川舰”纪念馆、中华军事文化展示馆、国际防务中心、弧形景观餐厅、主体广场及武备展示等板块。,https://dimg04.c-ctrip.com/images/35020v000000jq74k01BD.jpg
银川,阅海公园,50458,38.544898,106.204905,3.8,阅海公园景色秀美、风光旖旎，南起艾依河北京路码头，途经西湖游乐园，北通银川市大的湿地——阅海。风物变幻，气象万千，享有“银川之肾”、“城市绿肺”之美誉。公园水域面积广阔，河道蜿蜒曲折，依山偎桥，穿街过巷。游人至此，既可观赏景观大桥、斜拉桥、康居工程楼等凝聚现代文明的建筑群，倾听导游讲述艾依河美丽的传说，又可体味亭台楼阁、江南烟雨的西湖美景。千顷蒲苇吐翠，万只水鸟飞鸣，水盛鱼肥，瓜果飘香，各大景源交相辉映，使人仿佛置身世外桃源、童话世界。湖中有自然植物114种，鸟类107种，其中有国家高级保护黑鹳、中华秋沙鸭、大鸨、小鸨等。国家二级保护动物大天鹅、小天鹅、鸳鸯、白鹤等19种。每年春夏季节，数十万只鸟类在这里繁衍栖息。湿地内还有鱼类、哺乳动物、爬行动物、两栖动物，以及大量的昆虫和水生物资源。这里的冬季娱乐项目众多，有竞道滑雪、滑雪圈、雪地摩托车、冰车、冰上自行车、冰上拔河、雪爬梨、雪地排球、冰陀螺、冰上垂钓、溜冰、迎新春冰雪大联欢、以及冰雪花絮摄影赛等。,https://dimg04.c-ctrip.com/images/0100n12000f6t3rgz6C5E.jpg
银川,龙谕酒庄,1414597,38.452061,106.10665,4.2,龙谕酒庄位于银川市高新技术产业开发区，由烟台张裕公司投资6亿元兴建，是一个集葡萄种植、葡萄酒生产、葡萄酒文化展示、葡萄酒品鉴、会议接待和旅游观光于一体的综合型庄园。酒庄占地1300亩，其中葡萄园1000亩。酒庄专属葡萄园3000亩，年酒庄酒生产能力1000吨。宁夏摩塞尔庄园规划占地1000亩，一期工程占地400余亩，主楼呈拜占庭式建筑风格，酒庄主楼四面环水，独特的雾化效果，给人以云雾缭绕人间仙境一般的感觉。主楼建筑面积13000平米，分为四层，地上三层，地下一层。一层为接待大厅，灌装生产线、影视厅、 “红酒”制作区；二层为张裕故事、张裕历史文化博物馆、红酒秘密、葡萄酒科普互动厅，专业品酒室 ；三层为多功能区，包括葡萄酒大学、OIV教室、会议室；地下一层为酒窖迷宫和贵宾品酒室。主楼融葡萄种植、高端摩塞尔酒庄酒酿造、葡萄酒文化旅游以及葡萄酒主题品鉴于一体的综合性葡萄酒主题庄园。酒庄主楼建筑面积13000平米，共四层，地上三层，地下一层。一层为接待大厅，灌装生产线、影视厅、制作区；二层为葡萄酒博物馆；三层为多功能区，包括葡萄酒学院、OIV教室、会议室。地下一层为酒窖和贵宾品酒室。酒庄与以葡萄种植见长的欧洲酿酒世家摩塞尔家族合作，聘请其第十五代传人罗斯·摩塞尔担任酒庄酿酒师，并以此为酒庄命名。 摩塞尔家族酿造葡萄酒的历史可以追溯到400年前。摩塞尔十三世是家族中著名的人物，被称作“现代葡萄种植之父”，他1905年发明了现代棚架种植法——让葡萄树站起来生长，大大提了酿酒葡萄的品质，在欧洲掀起了一场葡萄园的革命。其著作《葡萄种植》（Weinbau Einmal Anders）被翻译为17种外国语言出版，被誉为“葡萄栽培的圣经”。摩塞尔将祖父倾尽一生研究葡萄种植的精髓带到了酒庄葡萄园。当他发现，在距离地面60-80厘米的高度上，葡萄树阳光、通风与湿度条件都恰到好处时，就果断剪掉了其他位置的果实，每株葡萄树仅留不多于10串葡萄。酒庄葡萄园每亩产量在400公斤以下，超过波尔多AOC法定产区标准。,https://dimg04.c-ctrip.com/images/10041f000001gp7ce6377.jpg
银川,宁园,50507,38.464519,106.282455,3.8,宁园位于银川市解放东街南侧。从西门进园，便进入盆景区。主要区由兴庆殿、沁茗阁、碑、廊及水池组成。兴庆殿是园中规模较大的殿宇，殿内壁画“西夏风云”艺术地再现了我国历史上西夏国时期的经济、文化、军事及风土人情。这里环境清幽，是避暑纳凉的好去处，也是了解银川人生活的好地方。兴庆殿前的方型水池中置汉白玉石雕“哪吒闹海”。兴庆殿左侧是卷棚式仿古建筑沁茗阁，右侧则是一个四角由重檐亭和一个六角亭连接的曲折碑廊，名“翰墨”。,https://dimg04.c-ctrip.com/images/0101t12000f6rcf843D0B.jpg
银川,滚钟口风景区,8830,38.606364,105.936197,4.5,滚钟口，位于银川市区西北约30公里处，当地人也称这里为“小口子”，这里是银川市民郊游的去处，非常适合爬山等户外运动。滚钟口内有远古的岩画，还有不少清朝的建筑遗迹军阀马鸿逵的行宫；这里的自然风光也不错，在西夏时期，这里就是“名胜之地”，西夏开国皇帝李元昊增进在滚钟口内建造了一处规模宏大的避暑宫苑，但现在已经只剩下遗址和一些散落着的瓦片和物品的残片。滚钟口风景区三面环山，面向东面开口，风景区内的笔架山下盛产的贺兰石。景区内大的人文特色就是“三教合一”，你可以在景区内看到清真寺、贺兰庙，还有老君堂。一边在敬香叩拜，转身就可以看到清真寺的星月标志。当你走进景区，可以去景区的西北侧的滚钟口清真寺，这里是个安静的的地方，有一个不太大的四合院，虽然在这里你看不到一些古建筑中的精美雕刻或壁画，但这里是克马伦丁长老的拱北（拱北，是伊斯兰教先贤们陵墓建筑的阿拉伯语称谓）。16世纪一位也门人叫欧斯曼-克马伦丁来到中国，在银川等地宣教30余年，在穆斯林中享有崇高的威望，后来葬于贺兰山滚钟口，教民为纪念他，为其修建了陵墓。如今每年的7月13日长老的归真日（逝世日），这里都会有隆重的纪念日。当游客进入景区的深处时，就是郁郁葱葱的常绿树和落叶林，这里在每年春季美，处处都是山花，还有清澈的泉水，但在景区山顶处，还能看到白雪皑皑，这就是银川的“贺兰晴雪”，在这里爬爬山，一定会让你心旷神怡。在景区内游玩时看能看到岩羊、蓝马鸡等野生动物。此外还有兴隆寺、晚翠阁等一些清朝留下的建筑。因为冬季山中有些地方会下雪，道路状态不是很好，部分区域可能无法到达，建议还是春、夏季前往游玩。景区大门到景点入口有很长一段路，如果自驾游，可以开车进入景区。,https://dimg04.c-ctrip.com/images/01048120009cywv30368E.jpg
银川,宁夏科技馆,1413798,38.48788,106.226486,4.8,宁夏科技馆是宁夏规模较大的科普教育场所，也是宁夏青少年科技活动场馆。宁夏科技馆内，通过各种现代化的设备，运用了文字图片、多媒体、标本模型等形式，让大家近距离接触到各类科学知识、培养对科学的热情和兴趣，特别适合青少年或者家长带着孩子一同前来游玩。宁夏科技馆分为三层高的展馆主体大楼和穹幕影院两部分。在展馆大楼一层内，能够看到神州七号飞船的模型。一层的“月夜星辰”小屋内，有一个美丽的模拟星空，只要你按下星座图上的按钮，就会在星空图上显示你对应的星座，小游客们都非常喜欢这个互动游览项目。在二楼展厅，有众多的栩栩如生的动物标本和各类科技展品模型，如：恐龙化石、磁铁树、三维立体画等，还能在这里看到蛇形机器人等各种机器人。在三楼的儿童乐园展区游客可以动手操作各种互动展品，如：电磁秋千、树公公拍脸、音乐篱笆等等。在主体大楼旁的穹幕影院内，可以观看到动感的4D和5D电影，5D电影一般只在节假日才有播放。,https://dimg04.c-ctrip.com/images/0106812000atjgiwp4692.jpg
银川,南门广场,1832727,38.456859,106.284175,4.5,南门广场位于银川市兴庆区南薰东街与中山南街交叉口，广场上的南门楼为银川老城六大城门之一。,https://dimg04.c-ctrip.com/images/10011f000001h39875D30.jpg
银川,月亮门,1715043,38.614062,106.069978,4.5,月亮门位于银川镇北堡西部影城内，以其形似新月的天然石门而闻名。傍晚的时候，一轮明月高高地悬在夜空，高耸的月亮门孤独而壮丽，在晚风浮云中岿然不动。这一地质奇观不仅是大自然的杰作，更是游客们流连忘返的风景地标。月亮门不只是一座普通的黄土拱门，电影《红高粱》等影视作品都在这里取景，它荒凉却又古朴粗犷，来到这里就像穿过了一条“时光隧道”，游客可以沿着蜿蜒的步道，探索周围的自然美景，在大自然的怀抱中找寻自我。,https://dimg04.c-ctrip.com/images/0101212000axbwgk10D8E.jpg
银川,中阿之轴,1714928,38.523701,106.223618,4.5,中阿之轴位于宁夏银川市阅海湾CBD，全长2.1公里，总宽度达90米。中阿之轴由两个部分组成，中间是58米宽的文化休闲区，两侧各有16米的机动车道和人行道。从景观功能上划分，中阿之轴分为3个相对独立的人文景观区，暨中阿友好标志景观区、中阿文化交融景观区、中国回族文化景观区，中阿之轴展现出阿拉伯国家悠久的历史文化和中阿友谊源远流长。,https://dimg04.c-ctrip.com/images/100f1f000001gqaa0CF3D.jpg
银川,黄河横城旅游休闲度假区,70193,38.362552,106.430751,2.9,黄河横城旅游休闲度假区距宁夏首府银川市13公里，银川河东机场2公里，交通便利，风景迷人。是集旅游观光、自驾娱乐、休闲度假为一体的国家旅游区，宁夏文化产业示范基地，宁夏自驾车营地。“早在西夏时期这里就是的顺化古渡口，距今已有1000多年的历史。始建于明朝正德五年（公元1510年）的横城堡是长城抵御北方少数民族入侵，距离黄河近的战略防御体系。,https://dimg04.c-ctrip.com/images/0104s12000993qmioBDD3.jpg
银川,漫葡天沐温泉,1739817,38.622444,106.067501,4.7,宁夏漫葡天沐温泉小镇坐落于贺兰山东麓，镇北堡西部影视城正对面，总占地面积约300亩，是宁夏集温泉养生、度假休闲、西夏文化艺术展示、红酒展示、温泉酒店、大型室内温泉馆、露天温泉泡汤区、儿童水上游乐区、温泉公寓、高端温泉别墅会所于一体的温泉度假村。温泉酒店充分将西部人文文化与时尚动感元素相结合，室内温泉馆占地约4000㎡，主要包括：大型综合水疗池、造浪池、游戏水寨、巨蟒滑道、鱼疗池等综合水疗娱乐泡池。露天温泉区占地约12000㎡，共计约70多个泡池，分为五大温泉主题区：西夏王朝区、红酒文化区、贺兰山岩画区、滋补养生区、美容养颜区，单日可接待5000人沐浴温泉，在您卸下疲惫的同时充分体验与享受真山真水、返璞归真的天然温泉沐浴。同时酒店3楼还有桑拿汗蒸、保健按摩、网吧、影视厅、健身房、台球房、乒乓球室、实景模拟高尔夫、儿童乐园、棋牌室等一应俱全。,https://dimg04.c-ctrip.com/images/010011200082vx1hk9641.jpg
银川,红玛瑙枸杞观光园,1418343,38.527533,106.076644,5.0,红玛瑙枸杞观光园位于银川市西夏区，在这里，游客可以了解到两千多年的枸杞养生文化，亲手采摘品尝新鲜枸杞，参加趣味性的枸杞采摘比赛，包括黄枸杞、黑枸杞在内的各种枸杞珍稀品种种植园区，也会让游客们对枸杞有新的发现和了解。历经多年发展，“红玛瑙”已经从单一的枸杞种植、销售转变为遍及干果、茶饮、休闲食品、养生保健等多元化、全系列的枸杞制品。并在原有的宁夏农科院枸杞园种植基地上建立了大型的枸杞生态观光园，提供新鲜枸杞果实的观赏、采摘、品尝。您来到宁夏就可以亲眼看到、品尝到晶莹润泽如红玛瑙般的新鲜枸杞果实。 银川红玛瑙枸杞观光园通过改造和规划，分设了六大功能区域。A、体验采摘区为游客提供直观的枸杞采摘体验。区域内大面积种植无公害枸杞，游客可直接进入采摘和品尝新鲜枸杞，还可在讲解员的介绍下了解枸杞的培育、种植等相关知识。B、枸杞文化长廊通过图文并茂的形式，分三大部分对宁夏五宝、枸杞文化及传承、枸杞传统和现代制干工艺进行展示。游客可边走边看，对宁夏特产风貌及枸杞传统文化、工艺流程以及与现代工艺的不同有充分的认知和了解。C、游戏竞技区以枸杞种植区为基础，设立多种与枸杞相关的游戏项目，游客可通过各种趣味性互动游戏，丰富知识的同时又获得各种土特产品和纪念品。D、品种博览区该区种植了近年来农科单位研制的新枸杞品种，以及包括黄枸杞、黑枸杞在内的较稀有的种类，并附有品种的详细介绍。游客可了解到新品种的研发动态，还可看到稀有的植物品种。E、葡萄观光长廊该区域为纵向跨越园区的观光休憩长廊。长廊上常年挂满葡萄藤蔓，绿叶成荫。葡萄成熟季节，长廊两侧和顶端会结满成串的葡萄，鲜甜可口。葡萄采用无公害种植，因此游客可以直接采摘取食。葡萄长廊中设有座椅，两侧还挂有与枸杞相关的诗句、词赋。游客可以一边休憩，一边品尝美味的葡萄，畅游于田园风光与枸杞文化之中。F、土特产展厅展厅占地面积近千平方米，里面有来自宁夏多个地区及生产厂商展出的各类特产以及周边地区深加工产品，品种多达数十种。同时大厅还兼有开放式选购及游客服务功能，游客可了解和自由选购各种宁夏土特产品，也可以进入茶厅，了解宁夏特有的枸杞叶茶的历史和特色，并品尝枸杞。,https://dimg04.c-ctrip.com/images/0105a12000f6shhap5F94.jpg
银川,西夏风情园滑雪场,1487568,38.484217,106.036891,3.6,宁夏西夏风情园滑雪场由中国早的滑雪服务公司之一的沈阳娅豪滑雪服务有限公司与宁夏西夏风情园投资有限公司合作建设和运营的宁夏新型冬季滑雪娱乐项目，位于宁夏西夏风情园旅游景区内东部区域，占地面积2万平方米左右，平均海拔1100至1200米，年平均气温8.5℃，整个场区呈东西向，场地开阔，设有雪圈区（约200米）、雪片、冰上自行车、儿童雪橇、双人滑雪盘、冰上碰碰车、雪球夹，冰面面积约5000平方米，整体造雪面积约2万平方米。场内布局合理，可同时容纳2000多人同时进行雪上娱乐活动。对于有一定滑雪水平的爱好迷们可以畅游场区，对于孩童和学者可以在平地处练习，不滑雪的朋友可以在周边观看或玩雪，也可以在大厅内饮茶、侃大山。宁夏的冬季，神秘西夏风情园滑雪场无论从雪道的数量、长度、落差还是其他各项滑雪设施及综合服务水平来看，都是您旅游滑雪体验的不二选择，这里是开展旅游滑雪的佳场地。银川滑雪新地标，西夏风情园滑雪场火力全开，打造今冬炫冰雪乐趴。这个冬季，全家总动员，来离银川市区近的“冰雪世界”任性畅滑！西夏风情园冰雪乐趴，不止是雪，不止是冰！,https://dimg04.c-ctrip.com/images/0104j120008by4i992B26.jpg
银川,檀溪谷温泉水世界,1414169,38.403313,106.38169,3.0,檀溪谷温泉水世界为西北地区规模大的水上乐园，水世界注入来自地下2800多米深的温泉水，解决宁夏早晚温差大，天热水冷的问题，小宝贝可以放心玩耍一整天！共有全国大型先进水上娱乐项目11个，包括：千里传音——疯狂大喇叭、飞龙在天——冲天回旋滑梯、勇往直前——急驰竞赛滑梯、激流勇进——模拟滑板冲浪、排山蹈海——疯狂海啸池、快乐无限——环城漂流、万有引力——魔幻太空盆、儿童天地——神奇水寨、峰回路转——成人螺旋滑梯、花样年华——休闲泳池、动感养生——温泉spa池等。水寨是一类集各种戏水玩具、水翻斗、水滑梯、主题景观等于一体的综合性水上游乐设施，宁夏只有檀溪谷温泉水世界的儿童水上乐园可以称之为水寨，占地近千平方米的儿童梦幻水上乐园，能够让孩子尽情感受置身童话王国的新奇与快乐。,https://dimg04.c-ctrip.com/images/10021f000001gxc4l4FBB.jpg
银川,视城一条街,1715032,38.61561,106.072435,4.4,镇北堡“视城一条街”是由电影电视艺术家修建起来的，已经成为以中国西部为题材的电影电视剧不可缺少的背景。,https://dimg04.c-ctrip.com/images/100j1f000001gpueyF355.jpg
银川,塔林,1715066,38.614305,106.071482,4.4,造型雄伟、气势恢宏的塔林是影视拍摄上佳的场景，也是镇北堡影视城里一道靓丽的风景线。,https://dimg04.c-ctrip.com/images/10091f000001gsppcBF16.jpg
银川,鸣翠湖滑雪场,1494031,38.39559,106.368746,4.0,银川鸣翠湖滑雪场作为2015银川第三届滨河冰雪彩灯艺术节系列活动之一，总投资2180万元，整个滑雪场占地6万平米，滑雪道长为400米，建有40米高的赏雪平台，可同时容纳5000人的滑雪空间，配套1500平米的综合服务大厅，内设售票、租赁雪具、休息等相关配套设施。滑雪场内设置高级滑道、中级滑道、初级滑道、儿童戏雪区、情侣双人雪圈等。鸣翠湖四季滑雪场项目的大亮点是特聘黑龙江亚布力国际滑雪场的导滑大师在现场进行专业指导。项目开业前的各项准备工作目前正在紧张进行中。鸣翠湖四季滑雪场宣传主题“冬季到鸣翠湖来滑雪”简明易记，朗朗上口。其宣传口号“走进大美湿地体验滑雪魅力释放冬日激情畅享明媚阳光”给人留下无尽遐想。,https://dimg04.c-ctrip.com/images/0100e120008ao4ea6D768.jpg
银川,银川市花博会,2495749,38.545006,106.217362,4.6,5800多亩花海，60多个风格各异的场馆展区，全国30多个省市、自治区携珍贵花卉参展。更有观光云轨进驻花博会，游客可乘云轨畅游全园。花博园内更有异国风情展区埃及馆供人游览。湖光山色美轮美奂，各色花卉争奇斗艳，浪漫花海沁人心脾，科技展馆令人流连忘返。中国花卉博览会，属于经国家批准继续举办的展会活动，每四年一届，是我国规模较大、规格较高、影响较广、内容较为丰富的花事盛会，被誉为中国花卉界的“奥林匹克”。花博会至今已举办八届，从规模、影响上都已大大加深，正在向着国际化的方向发展。本次花博园的规划结构是“一心、两轴、四岛、多园”。“一心” 即花博园展馆区，由主题馆、四季馆和综合馆三个室内展馆组成。“两轴” 即科技文化轴及花博景观轴。“四岛”由南到北依次为览山岛、回乡岛、花博岛及阅海岛。“多园”即以展示为主的各个省（区、市）花协室外展园、宁夏各地级市展园、友好城市展园以及各类花卉专类园组成的室外展园系统。,https://dimg04.c-ctrip.com/images/10020q000000giibrDE5B.jpg
银川,西夏陵遗址区,5623415,38.442964,106.019437,4.6,西夏陵是西夏王朝（1038—1227年）的帝王陵寝，坐落在贺兰山东麓。陵区规模宏大，蔚为壮观，在方圆53平方公里的范围内，依山势布列着9座帝陵和271座陪葬墓；是西夏历史留存至今规模大、等级高、保存完整的建筑遗存，见证了西夏王朝的存在和君主世袭，并为这一业已消失的古代文明提供特殊的见证。西夏陵国家考古遗址公园以110国道分界为两个区域：西夏陵遗址区与文化旅游综合服务区。遗址区对外开放一、二、三、五、六号帝王陵及陪葬墓群。,https://dimg04.c-ctrip.com/images/0105w120008k1int9F886.jpg
银川,鸣翠湖水世界,1702436,38.394791,106.371726,2.0,千人同池、万人同欢，3米巨浪迎面扑来，感受海的魅力，带来夏日清凉！再加上西北难得一见的银色沙滩，营造出真实的海域体验！海浪池中间的舞台，时常会上演精彩绝伦的各类表演，让游客在享受冲浪的同时近距离的参与其中，一嗨翻天！在密封的滑道中，一场演绎极速与心跳的戏水大战正在上演。尖峰时刻，疯狂回旋，直落万丈深渊，水上情境蒙太奇的体验。从近20米高度急速俯冲，百米滑行，历时20余秒的惊险刺激，尽享风驰电掣的竞赛快感，忘记心跳，只有尖叫！在密封的滑道中，一场演绎极速与心跳的戏水大战正在上演。尖峰时刻，疯狂回旋，直落万丈深渊，水上情境蒙太奇的体验。,https://dimg04.c-ctrip.com/images/10010v000000k21kv5204.jpg
银川,阅海滑雪场,1508216,38.548137,106.190993,3.7,阅海公园滑雪场可算是基础滑雪场。滑雪道建立在人工堆筑的土山上，地势没有那么险峻，坡道也不太陡峭，对于一般的爱好者和初学者来说，这就足够了。阅海滑雪场的一个优势是，它与附近的冰面接壤，除了雪地上的娱乐项目以外，游客还可以在冰面上找到更多的乐趣：在冰上打老牛、溜冰车，甚至可以亲自动手做些冰塑、雪雕等。这些项目更适合家庭出游，父母孩子都能各得其乐。阅海鱼宴远近闻名，一种鱼百种做法，却各有滋味，非常适合全家出游后的团员餐。,https://dimg04.c-ctrip.com/images/1lo2912000h6se60u8BDF.jpg
银川,银川森淼生态旅游区,70247,38.417834,106.175592,3.0,森淼生态旅游区位于银川植物园内，银川绕城南环高速公路横穿旅游区北侧，占地面积4000余亩，是一个集生态旅游、休闲度假、现代农业观光、会议培训、青少年植物科普、拓展训练等为一体的综合性生态旅游区。作为银川市近郊的“一叶绿肺”，绿树成荫，环境幽雅，为人们提供一个健康、阳光、绿色生态的环境。森淼生态旅游区融入纽约中央公园和伦敦海德公园的设计理念，旅游区内草坪、园艺、水景等自然景观令人心情舒爽、备感轻松。,https://dimg04.c-ctrip.com/images/0104b12000axcu6264E46.jpg
银川,马兰花大草原,50757,38.514458,106.581823,3.4,马兰花大草原位于有名的鄂尔多斯台地的边缘，共有草原面积0.67万公顷。北距平罗县37千米，西距银川市43千米。每年四月底五月初，上万亩的马兰花傲然怒放，用浓浓的紫色装扮着茫茫戈壁，用奇妙的光环轻轻摇曳着浩瀚无垠的大草原。观赏马兰花大草原的奇特美景，是一种人间少有的享受。每到秋季，牧草丰盛，正是草原风光美丽的季节。注：马兰花属兰花的一个品系，是多年生草本植物，不仅有观赏价值，而且茎叶可以造纸，根可制刷子，可以说全身是宝。 ,https://dimg04.c-ctrip.com/images/0104w12000b6f7utjE682.jpg
银川,宁夏幻太奇海洋公园,5099382,38.49494,106.247845,3.8,宁夏BHG幻太奇海洋公园位于银川市金凤区康平路北京华联悦海新天地购物中心，占地总面积6600余平方米，总投资8000万元人民币。是宁夏集观赏性、互动性、参与性、趣味性、知识性、娱乐性为一体的大型室内海洋主题公园。宁夏BHG幻太奇海洋公园内设锦福东方、梦幻潘多拉、彩羽之林、亚特兰蒂斯之城、星语心愿、深海迷城、水星舞语、水母星宫、马达加斯加探险岛、星宫宝藏等十大主题展区。馆内总水体量超3000吨，饲养和展示的海洋鱼类及生物达1000多种、20000多尾。 神秘的幻太奇海洋育有包括大鲨鱼、海龟及其他各种珍稀鱼类，在270°海底观景隧道中美丽婀娜的人鱼穿梭其中，游客可以透过蔚蓝的海水感受到亚特兰蒂斯的历史和文明；这里还有憨态可掬的海狮表演，幽默俏皮的鹦鹉表演；更有可爱的白袋鼠、羊驼、环尾狐猴等萌宠精灵期待与您亲密接触，让我们一同前往那片神秘梦幻的海底世界，一睹风采吧！惊喜体验，尽在浪漫幻太奇！,https://dimg04.c-ctrip.com/images/1lo6612000ax8mwbb57E1.jpg
银川,清城大门,1715061,38.614886,106.072935,4.7,清城大门位于宁夏镇北堡西部影城，是银川市西夏区的标志性建筑，高30米，造型优美，以传统文化元素为主题，彰显着区域的历史和文化底蕴。它经常作为电影布景的城堡大门，张贤亮在小说《绿化树》中称它为“镇南堡”，在清城大门拍摄取景的《朱元璋》、《飞天》、《大话西游》等影视作品都大获成功，所以中国影视界把这座城门称为“幸运之门”。景区原址为明清时代的边防城堡，在中国众多的影视城中，西部影城以其古朴、原始、粗犷、荒凉、民间化为特色，是中国三大影视城之一。镇北堡西部影视城由清城，明城，老银川一条街三个部分组成。清城位于镇北堡西部影城北端（景区正门口），建于清乾隆五年，是明城被地震摧毁后奉乾隆旨意夯筑的另一个兵营，故名“清城”，清城大门就是清城的门户。清城大门的墙体用黄土夯筑而成，高10余米，东面有半圆形瓮城，城门南侧有一斜坡可登上城墙。城墙宽5米，墙上筑砌有1.8米高的堞墙垛口。城墙四角原建有角楼，角楼基址依稀可见。清城大门不仅是一个热门观光打卡胜地，更是大漠黄沙掩藏中风花雪月的入口。,https://dimg04.c-ctrip.com/images/100p1f000001gpdopDCC6.jpg
银川,砚家班相声会馆(盛世茶城店),4379359,38.467796,106.269406,4.0,砚家班相声会馆是宁夏银川一家专业的相声演出团体，砚家班致力于打造“中国相声新码头”，让相声这门传统的艺术成为宁夏新的文化符号，让纯正的茶馆相声融入到每一位宁夏人的生活当中，让“相声爱上宁夏，让宁夏爱上相声”！,https://dimg04.c-ctrip.com/images/100k0s000000hnlag2F4C.jpg
银川,宝湖公园,1829656,38.450346,106.250138,4.7,宝湖公园位于银川市金凤区良田镇保伏桥村，是国家湿地公园。占地面积1300多亩，其中水面500余亩，因形似元宝和湖中有金马驹的传说而得名，呈椭圆形。是银川市的城中湖，与大小西湖连成一片，东靠唐徕渠，西临正源南街，北依银新铁路专线，南边是宝庆西路，因形似元宝和湖中有金马驹的传说而得名，呈椭圆形。宝湖湖面宽阔，湖水较深，水色淡蓝，湖与岛四周芦苇环绕，苇荡相连。银川城里的人闲了，都爱到这里观鸟钓鱼。,https://dimg04.c-ctrip.com/images/01021120009416tvkB783.jpg
银川,曼悦海温泉(悦海新天地店),4245406,38.495844,106.248244,3.5,曼悦海温泉配套有人工智能温泉、芭缇雅SPA、游泳、韩式汗蒸等项目，可以满足不同层次消费人群的各种消费需求。,https://dimg04.c-ctrip.com/images/100c1f000001gsyks201D.jpg
银川,阅海欢乐岛,3139928,38.529968,106.199981,3.3,阅海欢乐岛游乐场包括陆地游乐项目和水上游乐项目，游乐场内共有摩天轮、四环过山车、极速风车、激流勇进、高空飞翔等20余个大型游乐项目。,https://dimg04.c-ctrip.com/images/100l1f000001gqeou67DF.jpg
银川,艾伊薰衣草庄园,3406938,38.441854,106.544514,2.5,宁夏艾伊薰衣草庄园位于银川市滨河新区核心地段，园区内的设计完全保持原始地貌特征，建筑以地中海和欧式风格呈现，设有浪漫之门、地中海风情街、黄河栈道、房车露营等功能区。除薰衣草外，园区内还搭配种植了万寿菊、紫丁香、马兰花、鼠尾草等不同花季的花草，周围以新疆杨、山杏、山桃、樟子松等多树种构成了宽幅防护林带。通过不同花草和树木的搭配，形成了艾伊薰衣草生态庄园“三季有花，四季常绿”的景观特色，犹如上帝遗忘在大地上的一件拼布外衣。,https://dimg04.c-ctrip.com/images/100a0s000000hjflp5D61.jpg
银川,镇北堡大剧院,2499694,38.622517,106.068675,4.3,镇北堡大剧院，总占地面积7000多平方米，能同时容纳1000人左右，并有3个升降舞台，舞台背景设计模仿贺兰山的岩壁，一道似天然又似人工的阶梯蜿蜒曲折，直通山顶，舞台两侧的西夏武士雕像，俯视全场整体氛围威严、肃穆却不失神秘感。剧院整体建筑设计以党项包为原型，现是世界上较大的党项包，正在申请吉尼斯世界记录。剧院内常年上演特色主题演艺，以声、光、电、服、化、道等现代舞美前沿科技为主要表现形式，展现特色的人文精神。更可承接各类大型会议、演出、赛事。,https://dimg04.c-ctrip.com/images/100a0k000000btigd6885.png
银川,西夏陵博物馆,5073308,38.442152,106.017771,4.4,西夏博物馆位于银川市西夏区贺兰山东麓，2019年6月12日对外开放，是一座依托西夏陵园为背景，通过图版、多媒体、场景展示等多种手段展示西夏历史文化和西夏陵传承保护史的专题博物馆。博物馆总建筑面积9000平米，建筑造型庄重恢弘，与巍巍贺兰山形成连绵之势，与广阔的大地融合共生。在这座以皇家陵园为背景的西夏博物馆中，荟萃了西夏历史文化遗存的精品，是目前我国集中展示西夏历史文化展品多且集中的专题博物馆。博物馆占地面积9000平方米，其中展示陈列面积5400平方米，展出西夏文物8000余件，展厅共分为西夏史、西夏文化、西夏宗教艺术、西夏社会经济、西夏陵、保护与传承等六个展厅，以实物、图表、影印图照、创作画、雕塑、模型、场景、多媒体等手段，展示了西夏历史文化的脉络，讲述着西夏文物背后的故事，在与历史对话过程中，一步步揭开西夏神秘的面纱。,https://dimg04.c-ctrip.com/images/1lo6p12000fa93vt5D7B8.jpg
银川,鼓楼尚街小吃一条街,5630382,38.468898,106.282535,4.3, 鼓楼尚街第一美食街位于银川市兴庆区，有各路网红美食，韩式炒年糕、烤鱿鱼、肉包子、羊肉串、章鱼小丸子、腊汁肉夹馍等等。除了好吃的，这里还有抖音上的网红钢琴，手里捧着美食，脚下踩着钢琴，多惬意。还有小丑表演、各种主题展馆，好吃、好玩、好看的在这里应有尽有。,https://dimg04.c-ctrip.com/images/0105312000f6tiwzhD046.jpg
银川,老银川一条街,5069504,38.612938,106.073609,4.6,老银川一条街，镇北堡西部影城又有新亮点，将向游客推出“老银川一条街”景观。街道以复制原“宁夏省国民政府”即俗称“马鸿逵官邸”的建筑物为中轴，以解放前银川市繁华的“柳树巷”即现在鼓楼南的步行街为蓝本。街总长120米，两边店铺包括当年商号如 “百川汇”“天城西”“敬义泰”“合盛恒”“大陆文化社”“大公报宁夏分馆”“宝珍照相馆”等，不同类型的店面中夹杂着小饭馆和小杂货铺，街中间是当时银川市较大的“羊肉街口”“米粮市”巷口。迎向游客的两面一侧是当年银川的游玩场所“承天寺戏台”，一侧是1958年前银川的对外交通枢纽“银川汽车站”。,https://dimg04.c-ctrip.com/images/0101a12000k1bww1w0015.jpg
银川,源石酒庄,1840516,38.571557,106.03811,4.7,志辉源石酒庄，秉承“天人合一”、“师法自然”的观念。酒庄建设从中国传统美学出发，融进了很多中式元素，承袭汉朝的建筑风格，碧云层叠的葡萄园，风清气爽的西北园林，返朴归真、虚静恬淡的中国园林美学标准与葡萄美酒的气息巧妙结合，营造了中国园林中独树一帜的酒庄园林风格。目前酒庄自有葡萄有机种植基地四千亩，年生产各类酒庄级葡萄酒十余万瓶，严苛要求原料、工艺，潜心酿制高精品质葡萄酒，用中国葡萄酒将中国文化传递向全世界。,https://dimg04.c-ctrip.com/images/1lo0v12000dxyb8jz145A.jpg
银川,宁夏人民剧院,5672359,38.485654,106.237418,4.3,宁夏人民剧院位于银川市金凤区上海西路街道泰康街，该剧院是当地大型节庆活动及演出的重要场所，同时也是展现当地精神文明建设成就和文化发展水平的重要窗口。,https://dimg04.c-ctrip.com/images/100i1a0000019qwuc7C14.jpg
银川,银川景城公园,2480386,38.37887,106.508537,4.6,银川景城公园以中国地图为构图要素，海南岛、台湾岛、钓鱼岛、黄河、渤海一应俱全，通过湖光山色，小桥流水，奇花异草，廊桥水庭打造独特的人文景观，生态氧吧。,https://dimg04.c-ctrip.com/images/0104s120008s79yh478A2.jpg
银川,兵沟旅游区浑怀障汉墓群景区,50648,38.464429,106.541567,5.0,浑怀障是迄今已知市境内较早的古代建置。秦始皇33年(公元前214年)，秦将蒙恬北逐匈奴，收河南地(今黄河河套西北地区)，设44县，筑长城，设亭障，御匈奴，在今平罗县境（今兵沟汉墓附近）设浑怀障。,https://dimg04.c-ctrip.com/images/0106s120009v8b54r0624.png
银川,兵沟旅游度假区,2500264,38.457877,106.542106,3.0,兵沟旅游度假区，坐落于银川市兴庆区黄河东岸，203省道穿其而过。景区西至黄河，东至喇嘛庙、古战场遗址，南有兵沟大峡谷，北接燕子湖，东西长约8公里，南北宽约3.3公里，占地面积26平方公里。兵沟，历史悠久。早在两千多年前的秦汉时期，这个地方就以北地郡“浑怀障”的名字载诸《史记》、《汉书》。在秦汉以后很长历史时期中，此地一直是历经战事屯兵戍边的军事要地，“兵沟”之名便由此而来。秦代名将蒙恬曾在这里主持修筑边防军城“浑怀障”，戍边将士英勇抗敌、马革裹尸，留下了2000多年的庞大汉墓群，遐迩闻名的奇特大峡谷，涛涛北去的古老黄河，一望无际的茫茫大漠，时间将历史遗存和自然景观浓缩在兵沟这片天地之中。,https://dimg04.c-ctrip.com/images/100f0k000000btjn98ED6.jpg
银川,银川国际会展中心,5677342,38.486082,106.224082,4.4,银川国际会展中心是银川市新建的“三馆两中心”之一，会展中心不仅环境优美，交通便利，设施完善，更是一座集展览、会议、商贸洽谈、信息交流、旅游、餐饮娱乐等多功能于一体的现代展馆。,https://dimg04.c-ctrip.com/images/01041120005uy60028091.jpg
银川,银川绿博园,2121956,38.54266,106.21694,4.1,银川绿博园位于览山公园北部，东依亲水大街，南至沈阳路，西接阅海公园东岸，北延生态文化产业园。这里规划建设两轴、两馆、三环线、四岛、多展园。一期览山岛和回乡岛园林景观工程已全部完成.回乡岛主要由祥云舞凤广场、锦绣花田、婚庆主题广场、风车花园等多个景观节点构成。值得一提的是，“锦绣花田”由180万盆品种丰富、色彩绚丽的花卉构成。,https://dimg04.c-ctrip.com/images/0103v12000f6pptkdA8D9.jpg
银川,阅海清真大寺,5639387,38.509515,106.254912,3.3,该寺的外观很别致，是一座很宏伟的建筑，寺内有四座塔楼，也很漂亮。,https://dimg04.c-ctrip.com/images/0103p12000cdjru2f700D.jpg
银川,海宝公园,4623636,38.493789,106.282518,4.3,海宝公园游乐场位于新二中旁海宝公园内，内设大摆锤、碰碰车、6D电影体验、欢乐飞船等多样的大型娱乐项目。,https://dimg04.c-ctrip.com/images/0105z12000941a7t6BF54.jpg
银川,西夏王宫,1834514,38.464395,106.500367,4.3,西夏王宫位于距银川市东13公里处的金水（黄河）旅游区内，“横城古渡”自古就是宁夏八景之一。西夏王宫是因拍摄西夏历史主题电视连续剧《贺兰雪》而重新修建。,https://dimg04.c-ctrip.com/images/0102x120009fld7id4E28.jpg
银川,阅海湾水上公园,4623547,38.511576,106.226682,4.4,银川水上公园位于宁夏银川亲水大街与大连路交叉口向南二百米，这里风景优美，娱乐设施众多，有划船，水上泡泡球等。此外还有沙滩供游客休闲娱乐。,https://dimg04.c-ctrip.com/images/0104d12000f6rkf8e6F22.jpg
银川,览山公园,5066697,38.530127,106.215352,4.6,览山公园门庭后面是一个巨大的广场，是山前广场。广场后面有两座山峰，这就是览山，山上一片翠绿。两山之间，是一个宽阔的台阶，高台巍峨，石阶数百，由底至顶，宽阔壮观。,https://dimg04.c-ctrip.com/images/0101c12000f6te36qE95A.jpg
银川,银川美术馆,2649342,38.486931,106.23666,4.5,银川美术馆建筑宏伟壮观，古朴典雅，内部设有展览部、研究部、收藏部等，是集征集收藏、陈列展览、研究等为一体的美术馆。,https://dimg04.c-ctrip.com/images/100l180000014mvyw7664.jpg
银川,墓道,4623623,38.435846,105.991296,4.4,墓道位于宁夏银川，是一处历史悠久的遗迹，在这里，游客可以更好地了解西夏王朝的历史文化。,https://dimg04.c-ctrip.com/images/0100812000cj9h0sf0946.jpg
银川,沙温泉度假区,5597341,38.434858,106.41679,4.2,沙温泉度假区是以沙文化为主题的温泉度假村，位于银川市兴庆区掌政镇，紧邻北京东路，距市区不足十公里。室内温泉以西北大漠风情与亚热带雨林风光巧妙融合，呈现出一种全新的视觉效果。温泉区占地面积五万平方米，多种形式的泡池达七十多个，分别为游泳池、儿童戏水池、亲亲鱼疗池、沙浴池、海盐池、决明子池等。,https://dimg04.c-ctrip.com/images/01066120008htzxe9B207.jpg
银川,西夏史话塑像馆,3671519,38.42685,106.002945,4.6,西夏史话塑像馆以西夏皇陵为背景，以西夏史实为依据，通过场景再现，人物塑像等资料，生动再现了辉煌一时的西夏文明。,https://dimg04.c-ctrip.com/images/0106k120008eqxtrqD266.jpg
银川,宁夏银川规划展示馆,2748558,38.526035,106.241928,4.7,银川市城市规划展示馆建筑面积一万多平米，分为序厅、综合概览厅、空间规划厅、银川历史展厅、全域银川展厅等多个展厅，主要展示银川市的发展历程和城市规划。,https://dimg04.c-ctrip.com/images/01033120009hxq27aE71E.jpg
银川,宁夏邮政博物馆,1835502,38.466778,106.27608,4.7,中国邮政博物馆是了解宁夏邮政的发展及荣誉的好去处。同时馆内按历史延革陈列着许多珍贵文物和图片。很有教育意义。,https://dimg04.c-ctrip.com/images/1002180000014tsr5370F.jpg
银川,银川国际会展中心-北广场,4626929,38.486848,106.22562,5.0,广场占地面积广阔，绿化覆盖率高，环境优美，这里常用于举办各种户外展览、文化活动和市民休闲娱乐。,https://dimg04.c-ctrip.com/images/100b1800000141877ACD5.jpg
银川,中国·银川花博园,67829000,38.53361,106.221218,4.1,"银川花博会会址选在刚刚结束的中阿绿博会会址，坐落于银川市金凤区中北部，东依亲水大街，南靠览山剧场，毗邻中阿论坛领事馆和阅海经济区(CBD),西融阅海湾，北延生态文化产业。",https://dimg04.c-ctrip.com/images/1lo3s12000c8npemq3D9B.jpg
银川,毓秀公园,5656381,38.49523,106.2022,4.8,公园里绿意盎然，风景很美，园内有一个电子屏上面显示有大家走路的步数，非常适合运动健身。,https://dimg04.c-ctrip.com/images/0104x12000atidp9e5FF7.jpg
银川,银川动物园,3141628,38.478658,106.266498,4.6,银川市动物园位于位于兴庆区中山公园内，银川市区内风景游览区之一。可以从北京东路的北门进，也可以从凤凰北街的西门进。正门（南门）位于湖滨西街，另有北门位于北京东路，西门位于凤凰北街。据志乘所载，这里原为西夏国元吴宫遗址，当时的元吴宫“逶迤数里，亭榭台池，并极其盛”，为西夏国都兴庆府第一大建筑，后毁于战火。明嘉靖年间，此为镇属兵马营房，俗称‘西马营”。1929年，冯玉祥属下门致中在此兴建公园，正式命名为“中山公园”。1949年以后，经过30多年的精心规划和修建，公园面积扩大到780亩，内有“银湖”，增添了“烈士纪念亭”“朔方亭”、“游船码头”、“玉带桥”、“少年科技站”、“儿童活动场”及动物园等20多处景观及游乐场所。园中浓荫蔽日，亭台错落，每天都吸引着大量游人前来赏玩。,https://dimg04.c-ctrip.com/images/100h1f000001grwpg19E7.jpg
银川,中山公园-古城墙,65192300,38.477075,106.264007,4.6,这段城墙于清代建成，历史悠久，站在城墙上视野开阔，可以欣赏远处的风景。,https://dimg04.c-ctrip.com/images/0100h12000aunm5qt5169.jpg
银川,银川市西夏区图书馆,3661948,38.496629,106.114181,4.4,图书馆很大，交通便利。馆内有少儿借阅室、电子阅览室、报刊阅览室、承认借阅室等等。周末可以带着孩子来这里学习，看书。,https://dimg04.c-ctrip.com/images/100i180000014ljl04862.jpg
银川,宁夏人民会堂剧场,3640494,38.472382,106.269711,4.4,宁夏人民会堂是自治区举办重大政务文化活动的重要场所，坐落于银川市光明广场东侧，与毗邻的体育馆、中山公园及光明广场构成了银川市中心一道靓丽的风景线。 会堂总建筑面积约13630平方米，整体建筑外圆内方，造型优美，气势恢弘。楼顶为一个直径28米的球面体，与夜晚四周齐射的灯光一起形成“众星捧月”之势。,https://dimg04.c-ctrip.com/images/0102r12000borjsay5268.jpg
银川,光明广场,4628125,38.471886,106.268194,4.0,广场位于中山公园旁边，视野很开阔，广场上有一座钟楼，整个环境清幽雅致，一到傍晚有很多人在这里散步。,https://dimg04.c-ctrip.com/images/0106h120009f654h71CCA.jpg
银川,贺兰庙,4611815,38.608025,105.935787,0.0,始建于清朝光绪十八年的贺兰庙，坐落在滚钟口景区的半山之上，分为上中下三层台院，三座殿宇连成一体。主殿供泥塑彩像，两侧绘有滚钟口全景图和贺兰庙全景图，殿宇雕梁画栋，蔚为壮观。,https://dimg04.c-ctrip.com/images/0106h12000gel9paaBF33.jpg
银川,银川市文化艺术馆,2688811,38.458959,106.231073,0.0,银川市文化艺术馆经常组织开展各种各类的文化艺术活动。经常举办美术、书法、摄影等各类展览及展览、座谈交流活动。,https://dimg04.c-ctrip.com/images/0101d12000bbmluli1708.jpg
银川,宁夏牛街,5168458,38.455418,106.280931,3.7,宁夏牛街是宁夏当地一条特色的美食街，街上各种特色小吃众多，每到夜晚热闹非凡，街区还会不定期举行节日活动。,https://dimg04.c-ctrip.com/images/100a18000001401wr364B.jpg
银川,银川黄河高尔夫俱乐部,1408394,38.375742,106.412892,0.0,"银川黄河高尔夫俱乐部位于素有“塞上江南”美誉的银川市郊，东临黄河西靠鸣翠湖国家湿地公园,银青高速公路旁，交通十分便利，距离银川河东机场5公里，市中心仅13公里10分钟车程，气候宜人，是宁夏首家18洞高尔夫球场。球场占地1100亩(约74万平方米)，球道总长7267码，标准杆72杆。在保护和修复湿地的基础上，以苏格兰海滨球场的风格为设计依据，将黄河岸边的原始风貌和 湿地自然风景浑然融为一体，体现出独有的林克斯风格。设计师从享受打球乐趣的角度出发，巧妙运用湖泊、芦苇、沟渠的自然障碍配合沙坑和起伏多变的果岭，在挑战低差点球友的同时，也能让智慧保守型的球友有意想不到的惊奇和欣慰。",https://dimg04.c-ctrip.com/images/0101s120009heexxgCA1A.jpg
银川,冠军冰场CHAMPION RINK(建发大阅城店),5388347,38.514547,106.255719,0.0,冠军冰场位于银川大阅城内，是银川大阅城具有亮点的主力店之一，提供专业的冰上培训和优质的体验环境。,https://dimg04.c-ctrip.com/images/100w14000000wpzbs31AD.jpg
银川,黑拳头搏击俱乐部(建发大阅城店),5390347,38.513005,106.255598,5.0,黑拳头搏击俱乐部是尚宏搏击俱乐部的品牌升级店，创于2012年，以散打、拳击、传统泰拳、欧式泰拳、MMA、自由搏击等为主。,https://dimg04.c-ctrip.com/images/100h14000000wlihjE224.jpg
银川,酬勤马术俱乐部,1926749,38.377528,106.4153,0.0,银川博塞马术俱乐部创立于2008年，系中国马业协会团体会员，是国家体育局认证的青少年马术训练基地、自治区级青少年体育俱乐部，俱乐部占地面积100亩，坐落于宁夏银川黄河金岸，自然景色优美，拥有湖泊水岸，原生态的自然风光，充满了郊外野趣。在这样得天独厚的环境中休闲骑乘、训练，呼吸着饱含负氧离子的清新空气，强身健体，放松身心，可谓相得益彰。俱乐部现有60x90国际马术训练场，四十余匹教学比赛马匹和相应的配套设施，拥有一支十多人的专业教练团队。    ,https://dimg04.c-ctrip.com/images/100q0w000000kd50r0342.jpg
银川,盛世汤泉,5010393,38.441593,106.28703,4.1,银川盛世汤泉坐落于银川市兴庆区宝湖东路与清河街交汇处康桥水郡，内有汗蒸、汤泉、沐浴、健康餐饮等，是一个大型汗蒸休闲场所。,https://dimg04.c-ctrip.com/images/100c0x000000lbkdz561D.jpg
银川,银川剧院,5257346,38.511984,106.25523,0.0,银川剧院位于金凤区正源北街建发大阅城，拥有大剧场、中小型剧场、艺术培训中心、以及文化商业区。主要功能涵盖文化演艺、商业发布、旅游餐饮、艺术培训，并配有独立书店、休闲茶吧、旅游观光、青少年主题活动等附带功能。,https://dimg04.c-ctrip.com/images/100j13000000v1h9m84A3.jpg
银川,银川森林公园,5545344,38.480553,106.206718,5.0,银川森林公园位于银川金凤区，公园里有森林、小河、假山等人造景观，景色优美，空气清新，还有些游乐设施。,https://dimg04.c-ctrip.com/images/0105w12000f6rov22A5A7.jpg
银川,贺兰山自然博物馆,5702759,38.541336,106.055121,4.0,贺兰山自然博物馆内设有岩羊馆、昆虫馆、植物馆、真菌馆、地质环境馆等，通过里面的展品，人们可以更好地了解贺兰山的动植物资源和矿产资源。,https://dimg04.c-ctrip.com/images/0104u12000b8d2x37CA46.jpg
银川,滨河黄河大桥,5603367,38.416671,106.48184,0.0,滨河黄河大桥是一座三塔四跨钢混叠合梁自锚式悬索桥，该桥型技术先进、造型美观，同时结合了宁夏地区民族地域特色。,https://dimg04.c-ctrip.com/images/0102312000a4se43w11BC.jpg
银川,王敬平美术馆,5704297,38.486104,106.168923,0.0,王敬平美术馆位于银川市西夏区，是画家王敬平先生个人出资兴办的一个集美术交流、切磋技艺、休闲为一体的美术场馆。馆内展览有国画、书法、水彩、素描等作品。,https://dimg04.c-ctrip.com/images/fd/tg/g2/M02/C5/08/Cghzf1W7IAOADod_AAA1Xhhuy-U142.jpg
银川,银川国际交流中心酒店·夏日水上乐园,5596391,38.512377,106.21631,0.0,水上乐园设有水上大冲关、彩虹滑梯、大象滑梯&潜水艇滑梯等多种水上设备。这里是广受欢迎的成人及儿童水上竞技项，让您充分感受水上的速度与激情。,https://dimg04.c-ctrip.com/images/0105r120004ik7pgd068B.jpg
银川,宁夏地质博物馆,5681469,38.499255,106.236159,4.8,"宁夏地质博物馆坐落于银川市金凤区人民广场东街以东、贺兰山路以南，是一座融现代化、高科技及宁夏地方特色于一体，以社会公众服务为主，兼顾科学研究人员需求的省级专题博物馆。
馆外为地质文化广场，馆内设有序厅、地球科学厅、生命演化厅、地质环境厅、矿产资源厅、地质工作厅、宝玉石观赏石展区、4D影院。收藏各类岩石、矿物、古生物化石标本16000余件。具有珍稀矿物标本展示、科普教育、科研、休闲娱乐等功能，是社会大众游览、观赏、休闲、娱乐及地质类专业人员进行相关研究的理想场所。 ",https://dimg04.c-ctrip.com/images/350c1a00000199ti270CB.jpg
银川,复楼博物馆,5704341,38.465823,106.258664,0.0,宁夏复朴斋博物馆是宁夏较大的民营性质的历史文化艺术品博物馆，由青铜、书画、陶瓷和古典家具四个展区组成，其中很具特色的要数铜镜藏品，有战国时期的 “四山镜”和 “羽纹镜”、汉代的 “照明连弧铭带镜”和 “星云镜”等，是宁夏目前铜镜收藏较大的博物馆。,https://dimg04.c-ctrip.com/images/0HJ4j12000g60ps3bD524.jpg
银川,颢丰蹦床公园,5569356,38.464239,106.24401,5.0,颢丰蹦床公园是一家趣味性的综合游乐场地，2000平超大空间，包含了20多种玩乐项目，从网红蹦床、火遍短视频平台的蜘蛛墙、超有趣的旱雪滑道、高空跳台、大闯关、梅花桩、网红一落到底、海绵跳水池、小孩儿攀岩、蹦床灌篮，还有室内高空滑索，在这里大家都回归到孩子的本性。,https://dimg04.c-ctrip.com/images/100e1d000001ed1d0AB34.png
银川,西夏文木活字印刷体验馆,5620424,38.433579,105.996259,5.0,西夏史话艺术馆内通过18组场景，160尊人物泥塑雕像直观展示西夏王朝从建立、繁盛到消亡的重要历史进程，还原西夏历史大事件和典型的社会生活场景。西夏文木活字印刷体验馆坐落于此，是景区专门为游客深度体验西夏历史文化而打造的专业性场馆。馆内拥有西夏文百家姓活字库、十二生肖图文活字库、西夏文雕版、经典唐诗及常用汉字等印刷内容，提供宣纸、刷墨鬃刷、印刷鬃刷、墨等印刷工具。,https://dimg04.c-ctrip.com/images/0100s120008esvwye16C9.jpg
银川,银川国际交流中心顽皮世界儿童乐园,5596390,38.512636,106.21444,1.0,银川国际交流中心顽皮世界儿童乐园是集蹦床、淘气堡、攀岩及其他多种娱乐项目于一体的综合休闲娱乐亲子乐园。场内面积超过1000平米，设有蹦床娱乐区、淘气堡区，以及包含旱雪滑梯，蜘蛛塔，滑索等多种娱乐设施的网红娱乐区。,https://dimg04.c-ctrip.com/images/0304v120008auuwvq2285.jpg
银川,银川星空失恋博物馆,5639349,38.491707,106.135904,4.5,治愈1000W人的星空失恋博物馆+网红打卡地，这里有扎心语录、分手“遗物”、前任故事，珍藏来自各地失恋者捐赠的展品。,https://dimg04.c-ctrip.com/images/0HJ1512000g8yhs034E49.jpg
银川,银川市森林公园-童梦冰雪世界,5700891,38.482844,106.207008,0.0,银川森林公园童梦冰雪世界位于银川市森林公园足球场，是银川一家专注于冰雪世界的戏雪乐园，内设亲子项目、儿童项目、成人项目，包含：雪圈、粉红猪小妹（城堡、海洋球）、儿童方向雪车、碰碰球、儿童雪地摩托车、成人摩托车、雪地坦克车等娱乐设置。乐园位于市区，交通便利，周边有停车场，风景优美，是您和家人这个冬天戏雪的不二选择。,https://dimg04.c-ctrip.com/images/350o1b000001agtko4BA7.jpg
银川,宁夏展览馆,4510817,38.462198,106.27534,0.0,宁夏展览馆是集宁夏经济和社会发展概况、成就陈列展示，区内外政治、经济、科技、文化信息交流，贸易洽谈，产品展销和群众文化娱乐大型活动场所等社会功能于一身的综合性展览馆。,https://dimg04.c-ctrip.com/images/fd/tg/g2/M02/C5/09/Cghzf1W7IBCAU1soAAA1rXNRb5g042.jpg
银川,兵沟大峡谷,5144045,38.458452,106.546938,0.0,兵沟大峡谷位于宁夏银川市，紧邻黄河，是一条东西走向的天然泄洪沟。之所以得名“兵沟”，是因为此处是秦汉时期屯兵戍边的要地。这条天然形成的峡谷地貌奇诡，沟壑纵横，雄浑中又透出西北特有的苍凉之感。一道道沟壑如西北大地上撕裂开的伤口，谷中乱石密布，植被丛生，独有一番风味。,https://dimg04.c-ctrip.com/images/fd/tg/g1/M00/AE/85/CghzfVW7H_qAV1IuAAA1WVz4ogM259.jpg
银川,贺兰山国防园,4611820,38.600757,106.058453,0.0,贺兰山国防园位于银川市西夏区，园区建设有六个基本功能区，以军事博物馆为中心的国防教育区，以近现代军兵器为要点的兵器装备陈列区，以军事训练大纲为蓝本的军事训练区，以亲历军事生活为目标的军旅生活体验区，以军事题材为对象的影视场景拍摄区和以休闲娱乐为内容的旅游度假区。,https://dimg04.c-ctrip.com/images/0HJ5112000g65jact9267.jpg
银川,新满城严武门旧址,4623524,38.4905,106.183594,0.0,旧址为清代新满城西城门，上建有城楼。雍正初年在宁夏府城外东北建满城，用于八旗官兵驻防宁夏。清乾隆三年毁于地震，乾隆五年将其移建与府城西十五里平湖桥东南，是为新满城，即今新城。,https://dimg04.c-ctrip.com/images/fd/tg/g1/M03/AF/64/CghzfFW7IBCAUbLaAAAlnuKOkAQ344.jpg
银川,洪家渠关帝庙,4627868,38.405036,106.301664,5.0,,https://dimg04.c-ctrip.com/images/fd/tg/g1/M09/AE/89/CghzfVW7IBeAXP0AAAA7cEfxExY943.jpg
银川,威仪堡玉皇庙,4623562,38.458713,106.183241,5.0,威仪堡玉皇庙位于银川市金凤区，内有娘娘殿、玉皇殿等建筑，寺院幽静，周围环境清幽。,https://dimg04.c-ctrip.com/images/0HJ2212000g6czdpbC6CB.jpg
银川,宁夏电力科技馆,3260381,38.472665,106.235279,0.0,宁夏电力科技馆于2007年建成并向社会公众开放，是电力专业展馆，包括展馆和实训基地两部分。展馆面积2600㎡，以“电力·科技·交流”为主题，集培训和科普教育功能于一体，由电力印象、电的世界、电力之路、中国电力、宁夏电力、特高压输电和西电东送等6个展厅构成。多角度、多层面、多样化地展示世界电力的技术发展，中国电力的巨大成就和宁夏电力艰苦创业、飞速发展的光辉历程。,https://dimg04.c-ctrip.com/images/0100712000c2yy4sk4BAB.jpg
银川,典农河滨水景观公园,67610863,38.469168,106.215335,0.0,典农河滨水景观公园是紧邻典农河水系的带状滨河公园，公园在原有的自然环境基础上，自东向西依次打造迎宾区、园建区、主题展示区、活动区、文化区五大区域。,https://dimg04.c-ctrip.com/images/0HJ3b12000g8stefd9896.jpg
银川,兴源北寺,4623420,38.347903,106.084328,0.0,,https://dimg04.c-ctrip.com/images/fd/tg/g2/M02/AE/62/CghzgFW7IBCAHuSzAAAx3FcjVOM139.jpg
银川,通北清真大寺,4627861,38.514222,106.50039,0.0,这是银川历史悠久的清真寺之一，寺内收藏有许多珍贵的宗教文物。,https://dimg04.c-ctrip.com/images/fd/tg/g2/M02/AE/62/CghzgFW7IBCAHuSzAAAx3FcjVOM139.jpg
银川,西夏古城,69538771,38.502254,106.166372,0.0,西夏古城分为特色商业区和西夏文化展示区，是集休闲、购物、餐饮、文化、度假为一体的地方。,https://dimg04.c-ctrip.com/images/0103w12000f6s1f2e275E.jpg
银川,西夏陵-西夏史话艺术馆,69395830,38.432597,105.996482,4.3,西夏史话艺术馆是一处以多种艺术手法再现西夏历史的综合展馆。,https://dimg04.c-ctrip.com/images/01A6f120008ssuccd4CC2.jpg
银川,紫东苑公园,4623572,38.487391,106.077633,0.0,,https://dimg04.c-ctrip.com/images/0HJ0a12000g657bizAA0C.jpg
银川,徕龙公园,4623642,38.40214,106.276212,0.0,位于银川南大门的徕龙公园，是一座集休闲娱乐、健身游玩于一体的生态湿地公园，以“生态湿地、景观风光”的规划理念，结合亭台、树阵森林、魅力草坪、叠石水榭等景点，实现生态保护、休闲娱乐等功能的有机结合。公园规划面积760亩，其中水域190亩，绿化及景观570亩。公园设计栽植88种乔灌木156万株、水生植物1.6万丛、草坪19万平方米。,https://dimg04.c-ctrip.com/images/0HJ6u12000g6m6lnv1AF8.jpg
银川,天力温泉度假村,4628132,38.441513,106.279758,0.0,这是一处以温泉浴为核心，结合休闲娱乐的综合性度假村。,https://dimg04.c-ctrip.com/images/fd/tg/g1/M04/FC/25/CghzflW7IA6AKGPbAAA4x2Gv3VY561.jpg
银川,镇北堡镇团结村天主堂,4611835,38.636247,106.096661,0.0,,https://dimg04.c-ctrip.com/images/fd/tg/g2/M02/AE/62/CghzgFW7IBCAHuSzAAAx3FcjVOM139.jpg
银川,兴台北寺,4623443,38.363079,106.08481,0.0,,https://dimg04.c-ctrip.com/images/fd/tg/g2/M02/AE/62/CghzgFW7IBCAHuSzAAAx3FcjVOM139.jpg
银川,和谐清真寺,4627003,38.58161,106.584535,0.0,,https://dimg04.c-ctrip.com/images/fd/tg/g2/M02/AE/62/CghzgFW7IBCAHuSzAAAx3FcjVOM139.jpg
银川,黄河旅游度假村,4628348,38.400117,106.387963,0.0,度假村占地面积广阔，以黄河文化和自然风光为主题，提供了丰富的旅游体验。,https://dimg04.c-ctrip.com/images/fd/tg/g1/M04/FC/25/CghzflW7IA6AKGPbAAA4x2Gv3VY561.jpg
银川,花博园-中阿友谊博览园,4623616,38.533611,106.221218,0.0,银川市花博园-中阿友谊博览园位于宁夏回族自治区银川市金凤区亲水北大街，人们可以在这里拍照和欣赏博览园里面的自然景色，是一个休闲的好去处。,https://dimg04.c-ctrip.com/images/0106o12000dcdutk5E083.jpg
银川,观音阁,4611821,38.615829,106.071888,0.0,,https://dimg04.c-ctrip.com/images/0103s12000gaz06tdB24A.jpg
银川,慈母寺,4611834,38.637955,106.05349,0.0,,https://dimg04.c-ctrip.com/images/fd/tg/g1/M08/FC/24/CghzflW7IACAHgzUAAAvGcMqieg905.jpg
银川,西夏区基督教堂,4623525,38.480057,106.132556,0.0,,https://dimg04.c-ctrip.com/images/0101k120004151cnoA597.jpg
银川,十村中寺,4623441,38.358293,106.135415,0.0,十村中寺建筑古朴，环境清幽，建有大雄宝殿、观音殿等建筑，是体验宗教文化和感受宁静氛围的好地方。,https://dimg04.c-ctrip.com/images/fd/tg/g2/M02/AE/62/CghzgFW7IBCAHuSzAAAx3FcjVOM139.jpg
银川,华侨园,4623560,38.413471,106.19245,0.0,,https://dimg04.c-ctrip.com/images/fd/tg/g1/M08/FC/24/CghzflW7IACAHgzUAAAvGcMqieg905.jpg
银川,森林公园M岛,4626833,38.480487,106.215596,0.0,这是一个集自然风光与人文景观于一体的旅游景区，该岛屿占地面积广阔，有湖泊、树林等自然景观。,https://dimg04.c-ctrip.com/images/0HJ3x12000g8mdygp9A0A.jpg
银川,宁夏大学贺兰山校区-音乐厅,4626581,38.50332,106.141631,0.0,该音乐厅的内部装修典雅，还拥有现代化的音响设备，经常举办各类音乐会和学术讲座，为师生提供了丰富的文化盛宴。,https://dimg04.c-ctrip.com/images/0103q12000c30tgasAEE6.jpg
银川,社区文化广场,4626597,38.457271,106.29598,0.0,,https://dimg04.c-ctrip.com/images/01019120009xrazzt720B.jpg
银川,白鸽清真寺,4627744,38.409201,106.297682,0.0,,https://dimg04.c-ctrip.com/images/fd/tg/g2/M02/AE/62/CghzgFW7IBCAHuSzAAAx3FcjVOM139.jpg
银川,克马伦丁长老拱北,4627044,38.608606,105.937013,0.0,,https://dimg04.c-ctrip.com/images/fd/tg/g2/M02/AE/62/CghzgFW7IBCAHuSzAAAx3FcjVOM139.jpg
银川,新满城永靖门旧址,4623522,38.485635,106.189617,5.0,新满城永靖门旧址位于金凤区新城福州北街与北京路交汇处北侧。为清代新满城南城门，上建有城楼。雍正初年在宁夏府城外东北建满城，用于八旗官兵驻防宁夏。清乾隆三年毁于地震，乾隆五年将其移建与府城西十五里平湖桥东南，是为新满城，即今新城。,https://dimg04.c-ctrip.com/images/fd/tg/g1/M03/AF/64/CghzfFW7IBCAUbLaAAAlnuKOkAQ344.jpg
银川,银川兰泉山庄,4627034,38.624642,106.063562,0.0,山庄内绿树成荫，湖水清澈，环境优雅。游玩点包括人工湖、水上乐园、动物园等。,https://dimg04.c-ctrip.com/images/0HJ0x12000g2vs5a438C6.jpg
银川,典农河,3141602,38.495035,106.217319,4.0,典农河为青铜峡灌区河西总排水干沟，是根据宁夏引黄灌区地势西高东低、南高北低的特点，开挖形成的具备防洪排水、湿地保护、生态建设、旅游景观、水资源综合利用等功能的一条人工河。,https://dimg04.c-ctrip.com/images/0102d120009b1kcic2E87.jpg
银川,铁西北大寺,4611837,38.664101,106.226027,0.0,,https://dimg04.c-ctrip.com/images/0HJ0y12000g2u3qsvC840.jpg
银川,普灵寺,4623536,38.416955,106.349037,0.0,普灵寺依山傍水，环境幽静，寺内的建筑都十分精美。,https://dimg04.c-ctrip.com/images/fd/tg/g1/M08/FC/24/CghzflW7IACAHgzUAAAvGcMqieg905.jpg
银川,宁夏职业技术学院新校区-阳光广场,4626586,38.524012,106.143383,0.0,宁夏职业技术学院新校区-阳光广场是该学院内较大的活动广场，也是一个集娱乐、休闲、健身、教育为一体的综合性广场。,https://dimg04.c-ctrip.com/images/fd/tg/g1/M07/FC/25/CghzflW7IASANUuCAAAtJkkq6KA204.jpg
银川,石油城管道基地-文化广场,4626551,38.446499,106.311096,0.0,,https://dimg04.c-ctrip.com/images/0101b120009xrxql5BE2C.jpg
银川,宁化影剧院,4628364,38.485673,106.077691,0.0,该影剧院位于银川市，设有现代化的电影放映厅，提供电影放映、话剧、音乐会等多样化的文娱活动，观众可在此体验高品质的视听盛宴，享受文化艺术带来的愉悦。,https://dimg04.c-ctrip.com/images/010121200098p73tk161B.png
银川,宁夏奇石馆,2725828,38.473926,106.263275,5.0,宁夏奇石馆位于银川市兴庆区，馆内有各种形状的石头，石头上的颜色，造型图案也各不相同，是欣赏奇石艺术的好地方。,https://dimg04.c-ctrip.com/images/100p180000014luwp14BA.jpg
银川,同安清真寺,4623558,38.469734,106.125425,0.0,,https://dimg04.c-ctrip.com/images/fd/tg/g2/M02/AE/62/CghzgFW7IBCAHuSzAAAx3FcjVOM139.jpg
银川,通西中寺,4623573,38.512609,106.463901,0.0,,https://dimg04.c-ctrip.com/images/fd/tg/g2/M02/AE/62/CghzgFW7IBCAHuSzAAAx3FcjVOM139.jpg
银川,明心清真寺,4623588,38.426583,106.27035,0.0,,https://dimg04.c-ctrip.com/images/0HJ0612000g904jir77FD.jpg
银川,宁夏国际会堂,3016611,38.525538,106.216801,4.5,宁夏国际会堂(WCA总决赛举办地)可承接会议、展览、宴会、赛事、演唱会等多种活动。,https://dimg04.c-ctrip.com/images/0100j120009iiswk3200D.jpg
银川,银川科技园展示馆,4627864,38.434882,106.177866,0.0,银川科技园展示馆内设有多个展区，通过图文、模型、互动体验等形式，向公众展示了银川在电子信息、生物医药等领域的科研成果和产业发展。,https://dimg04.c-ctrip.com/images/fd/tg/g2/M02/C5/09/Cghzf1W7IBCAU1soAAA1rXNRb5g042.jpg
银川,颐和高尔夫庄园,65502046,38.392464,106.169135,0.0,,https://dimg04.c-ctrip.com/images/fd/tg/g1/M06/FC/24/CghzflW7H_iATdynAAA-FlXAIeA738.jpg
银川,南塘园,4623601,38.450286,106.280302,0.0,,https://dimg04.c-ctrip.com/images/0104d120009x225qf15F4.jpg
银川,宁夏葡萄酒文化展览馆,2714401,38.488872,106.026191,0.0,宁夏葡萄酒文化展览馆内设有多个展览区域，通过多媒体和实物展示，让游客深入了解宁夏葡萄酒的独特魅力。,https://dimg04.c-ctrip.com/images/fd/tg/g2/M02/C5/09/Cghzf1W7IBCAU1soAAA1rXNRb5g042.jpg
银川,凤凰碑,5067978,38.470353,106.260955,3.8,在银川市西门口的十字街心矗立着凤凰碑。这里原来是银川西门城楼，为土木结构，古老而阴森。随着四周楼房次第拔地而起，破烂不堪的城楼终于在20世纪70年代被拆除，成为繁华大街上的烟云记忆了。凤凰碑是1984年在西门城楼的地基上建成的。凤凰碑(3张)碑身高约20米，为钢筋混凝土结构，造型别致，主体由两根分别为淡红色与淡绿色的平行的方形水泥柱构成，顶端相连，呈半圆形；两柱间中空，宛如一座狭长的拱门。拱门顶部两柱内壁，各有一女性塑像，象征回族和汉族，两个塑像各伸一手共同托住一个红蓝相间的球，象征民族团结。碑的半圆形顶上，立着一只不锈钢铸的凤凰，高约3米，头朝东方，栩栩如生，它是在银川的标志。关于银川城的来历，有一个美丽的民间传说，说的是远古有一只象征幸福吉祥的凤凰，从江南飞到塞北。它给愁云笼罩的六盘山换上翠绿的衣衫，将满头白发的贺兰山变成青山，使宁夏川成为肥田沃土、牛羊遍地的塞上江南。为了抵御外来侵略者，保护这里的人民，凤凰自己变作一座城池，这就是在银川城。,https://dimg04.c-ctrip.com/images/01071120009hxcuuu0B01.jpg
银川,财神庙,4611822,38.612333,106.074364,0.0,财神庙供奉着财神，殿内有精美的壁画和雕刻，体现了中国传统宗教艺术的独特魅力。,https://dimg04.c-ctrip.com/images/0102f12000gaz0iwbE7CF.jpg
银川,三村中寺,4623501,38.390916,106.099465,0.0,,https://dimg04.c-ctrip.com/images/0HJ6112000g2v42t700D5.jpg
银川,南熏路小游园,4623526,38.463841,106.261613,0.0,园内绿树成荫，花香四溢，有多种景观和设施，适合各年龄段游客前来游玩休憩。,https://dimg04.c-ctrip.com/images/fd/tg/g2/M02/C5/07/Cghzf1W7H_mAOouUAAA0-J5t66I153.jpg
银川,鲨鱼公园(悦海新天地店),4623548,38.494734,106.246187,0.0,,https://dimg04.c-ctrip.com/images/fd/tg/g2/M02/C5/07/Cghzf1W7H_mAOouUAAA0-J5t66I153.jpg
银川,银川市迎宾生态体育广场,4626564,38.432625,106.21854,0.0,广场内绿树成荫，花香四溢，还有宽敞的跑道和各类运动器械，可以锻炼身体。此外，广场还设有儿童游乐区，是家庭亲子活动的理想选择。,https://dimg04.c-ctrip.com/images/fd/tg/g1/M07/FC/25/CghzflW7IASANUuCAAAtJkkq6KA204.jpg
银川,城市街区自助图书馆(新华百货购物中心店),3661945,38.464164,106.28459,0.0,,https://dimg04.c-ctrip.com/images/0101y120009x2c6fgB994.jpg
银川,荣恒园,4623635,38.488112,106.23818,0.0,,https://dimg04.c-ctrip.com/images/fd/tg/g2/M08/C4/B0/CghzgVW7H_mAH93mAAA_kl5amJk965.jpg
银川,商贸城广场,4626607,38.494425,106.31435,5.0,商贸城广场是一个集购物、餐饮、娱乐于一体的综合性广场。广场上有各式商铺和餐饮店，定期会举行各种演出活动。,https://dimg04.c-ctrip.com/images/fd/tg/g1/M07/FC/25/CghzflW7IASANUuCAAAtJkkq6KA204.jpg
银川,宁夏广播电视总台-青柠檬剧场,4628757,38.481913,106.243442,0.0,青柠檬剧场内部设施先进，剧场内经常举办各类话剧、音乐会、舞蹈表演等演出节目。,https://dimg04.c-ctrip.com/images/fd/tg/g1/M0B/AE/87/CghzfVW7IAaAJGP4AAA0UwxYU3A867.jpg
银川,昊王宫,4628751,38.367043,106.438191,0.0,该宫主殿高约32米，成八角形。整个大殿规模浩大、气势雄伟，颇具王府气派，别具特色。,https://dimg04.c-ctrip.com/images/100l1f000001galjcA53C.jpg
银川,金凤区基督教堂,4623563,38.483508,106.187023,0.0,,https://dimg04.c-ctrip.com/images/fd/tg/g2/M02/AE/62/CghzgFW7IBCAHuSzAAAx3FcjVOM139.jpg
银川,花海盛地度假村,4628149,38.41322,106.29929,5.0,花海盛地度假村交通便利、环境优美。进门便是宽阔的场地，可以烧烤也可以游玩，设施齐全，娱乐项目丰富，是休闲度假的好去处。,https://dimg04.c-ctrip.com/images/0103312000bana3be15E0.jpg
银川,龙眼湖,4611823,38.564269,106.256482,0.0,龙眼湖地处金凤区丰登镇，东至永丰公路西南，北至灌溉农田，东西长约1230米，南北宽约560米，湖泊面积约1250亩。因为湖中有湖心岛，看着里一圈外一圈像只灵动的眼睛，所以周围的住户叫它“龙眼湖”。这里有一大片的芦苇丛，还有各种鸟类，景色优美。,https://dimg04.c-ctrip.com/images/fd/tg/g1/M02/AE/86/CghzfVW7H_2AfYXiAAA0yMVsNrk713.jpg
银川,北塔湖,69325141,38.500036,106.283624,0.0,北塔湖公园，占地2000亩，湖畔的海宝寺塔拥有1500年历史，每逢春秋季节都会迎来数以万计的候鸟。古迹，佛塔，公园，候鸟融为一体，是附近居民周末休闲放松的好去处。,https://dimg04.c-ctrip.com/images/0103u120009fqk6ud7CA1.jpg
银川,福州步行街,5168459,38.485024,106.189252,0.0,福州步行街是一条集购物、餐饮、娱乐于一体的商业街区。,https://dimg04.c-ctrip.com/images/fd/tg/g2/M04/C5/08/Cghzf1W7IAuAf_KnAAA64Rrw844266.jpg
银川,西夏公园,5142855,38.489654,106.11988,4.2,西夏公园是为纪念西夏国建都而定名，该公园以湖为中心，两岸垂柳遍布，分布有西夏牛塑、亭台、小桥等，还有儿童乐园以及划船设施。,https://dimg04.c-ctrip.com/images/0104i1200084z6wt192BC.jpg
银川,西夏广场,5142854,38.486485,106.030641,0.0,广场内设有扇形花池、十二生肖雕塑、18根仿制西夏盘龙残柱等景观设施。 广场中巨石、枯木、果园点缀其间，体现出粗犷、豪放的西夏风情。,https://dimg04.c-ctrip.com/images/0101k120004fe3ub8BFA6.jpg
银川,石油城(旺角商业街),5168461,38.437611,106.328235,0.0,石油城位于银川市，是一个新兴的商业综合体，商业街内有多家店铺、餐饮店、休闲设施等。,https://dimg04.c-ctrip.com/images/0105l120009xrte3t6ABD.jpg
银川,幸福羽毛球馆,123865902,38.471585,106.314874,0.0,球馆以其宽敞的场地和先进的设施吸引了众多羽毛球爱好者。,https://dimg04.c-ctrip.com/images/0HJ6x12000g87tmt6B809.jpg
银川,光明广场-足球场,123866336,38.472618,106.265686,0.0,,https://dimg04.c-ctrip.com/images/0HJ3r12000g65j87z7B06.jpg
银川,丽子公园,124252082,38.484854,106.163679,0.0,丽子公园是银川市西夏区的一座美丽的城市公园，拥有广阔的绿地、清新的空气和许多休闲娱乐设施。在这里可以进行晨练、散步、游玩等活动，还有各种休闲设施供使用，是放松身心的好去处。,https://dimg04.c-ctrip.com/images/0HJ1212000g8yo2t6F997.jpg
银川,半个月亮爬上来婚拍基地,5718216,38.565793,106.561194,5.0,半个月亮爬上来婚拍基地以婚庆旅拍为核心主业态，同时拥有网红、潮人、电商、短视频拍摄等商业场景1000余个，基地占地1700亩，外加10个外景基地，我们根据不同季节设置不同拍摄场景，为北、上、广、深和长三角游客以及宁夏、西安、兰州、青海的影楼和游客提供场景和旅拍服务，是西北地区婚庆旅拍基地，业态包含：拍摄服务、搭景服务、道具服装租赁、婚礼策划、喜宴承办、网红民宿以及度假俱乐部；地址位于宁夏月牙湖乡黄沙古渡景区旁；,https://dimg04.c-ctrip.com/images/0100v1200092mcb2jCDCA.jpg
银川,六块八沉浸式演绎密室,79903327,38.538335,106.138376,0.0,,https://dimg04.c-ctrip.com/images/10070e0000006ytx7B781.jpg
银川,华湖雁清真大寺,143265452,38.442349,106.238485,0.0,,https://dimg04.c-ctrip.com/images/fd/tg/g1/M06/FC/24/CghzflW7H_iATdynAAA-FlXAIeA738.jpg
银川,银川市金凤区图书馆,143290497,38.481345,106.186759,0.0,,https://dimg04.c-ctrip.com/images/fd/tg/g1/M01/AF/63/CghzfFW7IASAT10JAAA6hcRCmrA034.jpg
银川,宁夏视频宣传片制作中心,143719819,38.440249,106.223699,0.0,,https://dimg04.c-ctrip.com/images/fd/tg/g1/M06/FC/24/CghzflW7H_iATdynAAA-FlXAIeA738.jpg
银川,顾家桥清真寺,143727792,38.541232,106.18312,0.0,,https://dimg04.c-ctrip.com/images/fd/tg/g1/M06/FC/24/CghzflW7H_iATdynAAA-FlXAIeA738.jpg
银川,尹家渠关帝庙,143756760,38.505518,106.262168,0.0,庙宇主体建筑供奉着关羽神像，庙内装饰精美，壁画、雕刻展现出浓郁的民族特色。,https://dimg04.c-ctrip.com/images/0103q12000d9ivs3y8A81.jpg
银川,耀莱成龙影城(金凤店),145120019,38.486325,106.178711,0.0,,https://dimg04.c-ctrip.com/images/0HJ5m12000g9164wkDB88.jpg
银川,黄河横城国际旅游休闲度假区-展示厅,145130229,38.366887,106.438533,0.0,,https://dimg04.c-ctrip.com/images/0HJ7012000g90rk3bB633.jpg
银川,龙跃散打搏击俱乐部,145134864,38.463085,106.282327,0.0,,https://dimg04.c-ctrip.com/images/0HJ4y12000g5zuwtd7E6B.jpg
银川,解放纪念碑广场,145174446,38.484237,106.148726,0.0,,https://dimg04.c-ctrip.com/images/0102u1200086k28vc0A5C.jpg
银川,月牙湖乡滨河家园清真北大寺,145199909,38.653131,106.595599,0.0,,https://dimg04.c-ctrip.com/images/fd/tg/g1/M06/FC/24/CghzflW7H_iATdynAAA-FlXAIeA738.jpg
银川,黄沙古渡原生态旅游区-湿地广场,145229753,38.550746,106.547491,0.0,,https://dimg04.c-ctrip.com/images/fd/tg/g1/M06/FC/24/CghzflW7H_iATdynAAA-FlXAIeA738.jpg
银川,来佛寺,144203022,38.461801,106.212501,0.0,,https://dimg04.c-ctrip.com/images/0HJ3j12000g700ysn306E.jpg
银川,银川基督教堂,144203719,38.46979,106.284363,0.0,,https://dimg04.c-ctrip.com/images/0HJ2b12000g6ex2zg1A46.jpg
银川,十七支沟,144203884,38.646048,106.153582,0.0,,https://dimg04.c-ctrip.com/images/fd/tg/g1/M06/FC/24/CghzflW7H_iATdynAAA-FlXAIeA738.jpg
银川,西大沟,144203885,38.545318,106.15981,0.0,,https://dimg04.c-ctrip.com/images/fd/tg/g1/M06/FC/24/CghzflW7H_iATdynAAA-FlXAIeA738.jpg
银川,黄羊沟,144203967,38.436542,106.478289,0.0,,https://dimg04.c-ctrip.com/images/fd/tg/g1/M06/FC/24/CghzflW7H_iATdynAAA-FlXAIeA738.jpg
银川,宁夏人民会堂影城,144204031,38.471274,106.269535,0.0,,https://dimg04.c-ctrip.com/images/0HJ4k12000g8p1ylkB07C.jpg
银川,高渠清真寺,144204592,38.542762,106.240561,0.0,,https://dimg04.c-ctrip.com/images/fd/tg/g1/M06/FC/24/CghzflW7H_iATdynAAA-FlXAIeA738.jpg
银川,大碱湖,144204670,38.52039,106.279268,0.0,,https://dimg04.c-ctrip.com/images/fd/tg/g1/M06/FC/24/CghzflW7H_iATdynAAA-FlXAIeA738.jpg
银川,银川科技学院-图书馆,144204702,38.515024,106.152029,0.0,,https://dimg04.c-ctrip.com/images/fd/tg/g1/M06/FC/24/CghzflW7H_iATdynAAA-FlXAIeA738.jpg
银川,新水桥清真大寺,144204787,38.482298,106.341261,0.0,,https://dimg04.c-ctrip.com/images/fd/tg/g1/M06/FC/24/CghzflW7H_iATdynAAA-FlXAIeA738.jpg
银川,孔心渠,144204816,38.426782,106.35631,0.0,,https://dimg04.c-ctrip.com/images/fd/tg/g1/M06/FC/24/CghzflW7H_iATdynAAA-FlXAIeA738.jpg
银川,网球俱乐部,144235384,38.61985,106.08446,0.0,,https://dimg04.c-ctrip.com/images/0102u1200086k28vc0A5C.jpg
银川,银川市西夏区文化馆,144243256,38.496222,106.114415,0.0,,https://dimg04.c-ctrip.com/images/fd/tg/g1/M06/FC/24/CghzflW7H_iATdynAAA-FlXAIeA738.jpg
银川,魏家桥塔塔庙(寺院),145259709,38.429287,106.210891,0.0,,https://dimg04.c-ctrip.com/images/fd/tg/g1/M06/FC/24/CghzflW7H_iATdynAAA-FlXAIeA738.jpg
银川,银川市金凤区庆峰跆拳道,145269563,38.446114,106.232196,0.0,,https://dimg04.c-ctrip.com/images/0HJ3d12000g8vcqnn7E86.jpg
银川,拉斯维加台球俱乐部,145294805,38.460964,106.281676,0.0,,https://dimg04.c-ctrip.com/images/0102u1200086k28vc0A5C.jpg
银川,喜鹊露营酒吧,145387801,38.460691,106.262072,0.0,,https://dimg04.c-ctrip.com/images/1me6k12000ehh8o370516.jpg
银川,宁夏青年美术馆,145554841,38.496535,106.153149,0.0,,https://dimg04.c-ctrip.com/images/0HJ6a12000g8atcfy86B6.jpg
银川,野趣露营,145556204,38.510327,106.219071,0.0,,https://dimg04.c-ctrip.com/images/0HJ4v12000g2tcj0gE775.jpg
银川,卷卷沟,145560483,38.67308,105.95889,0.0,,https://dimg04.c-ctrip.com/images/fd/tg/g1/M06/FC/24/CghzflW7H_iATdynAAA-FlXAIeA738.jpg
银川,北塔社区党群活动服务站,145560519,38.498917,106.266414,0.0,,https://dimg04.c-ctrip.com/images/fd/tg/g1/M06/FC/24/CghzflW7H_iATdynAAA-FlXAIeA738.jpg
银川,贝趣堡儿童乐园,145561982,38.482892,106.283092,0.0,,https://dimg04.c-ctrip.com/images/0102u1200086k28vc0A5C.jpg
银川,兴庆区文化馆,145575580,38.480539,106.308993,0.0,,https://dimg04.c-ctrip.com/images/fd/tg/g1/M06/FC/24/CghzflW7H_iATdynAAA-FlXAIeA738.jpg
银川,民俗文化长廊,145575614,38.570972,106.569187,0.0,,https://dimg04.c-ctrip.com/images/fd/tg/g1/M06/FC/24/CghzflW7H_iATdynAAA-FlXAIeA738.jpg
银川,宁夏科技馆-幻·声光,145581186,38.488063,106.226792,0.0,,https://dimg04.c-ctrip.com/images/fd/tg/g1/M06/FC/24/CghzflW7H_iATdynAAA-FlXAIeA738.jpg
银川,悠趣密室逃脱实景游戏体验馆(居然店),145585421,38.443692,106.269261,0.0,,https://dimg04.c-ctrip.com/images/0HJ4212000g8m3u5v6BA4.jpg
银川,银川能源学院滨河校区-图书馆,145585440,38.367095,106.50525,0.0,,https://dimg04.c-ctrip.com/images/fd/tg/g1/M06/FC/24/CghzflW7H_iATdynAAA-FlXAIeA738.jpg
银川,西夏公园南大门-,145593955,38.488038,106.119286,0.0,,https://dimg04.c-ctrip.com/images/fd/tg/g1/M06/FC/24/CghzflW7H_iATdynAAA-FlXAIeA738.jpg
银川,光华清真大寺,145595130,38.44228,106.272291,0.0,,https://dimg04.c-ctrip.com/images/0HJ1a12000g2x4ez391E8.jpg
银川,万豪台球,145604931,38.451798,106.310926,0.0,,https://dimg04.c-ctrip.com/images/0HJ0r12000g72oewgBE65.jpg
银川,和祥清真寺,145604957,38.642582,106.592131,0.0,,https://dimg04.c-ctrip.com/images/fd/tg/g1/M06/FC/24/CghzflW7H_iATdynAAA-FlXAIeA738.jpg
银川,悟空台球俱乐部,145610550,38.48804,106.21393,0.0,,https://dimg04.c-ctrip.com/images/0102u1200086k28vc0A5C.jpg
银川,51区电竞馆(绿地国际花都店),145613654,38.506055,106.139808,0.0,,https://dimg04.c-ctrip.com/images/0HJ3a12000g61ocomD412.jpg
银川,五虎墩沟,145709996,38.361278,106.452381,0.0,,https://dimg04.c-ctrip.com/images/fd/tg/g1/M06/FC/24/CghzflW7H_iATdynAAA-FlXAIeA738.jpg
银川,豪慕台球俱乐部,146156920,38.450713,106.320838,0.0,,https://dimg04.c-ctrip.com/images/0HJ6f12000g2whan18AAE.jpg
银川,宁夏医科大学-体育馆,146162565,38.413906,106.276694,0.0,,https://dimg04.c-ctrip.com/images/0102u1200086k28vc0A5C.jpg
银川,中国一阿拉伯国家博览会,145402144,38.486031,106.224137,0.0,,https://dimg04.c-ctrip.com/images/fd/tg/g1/M06/FC/24/CghzflW7H_iATdynAAA-FlXAIeA738.jpg
银川,宁夏回族自治区生态环境展示馆,145403292,38.489323,106.242475,0.0,,https://dimg04.c-ctrip.com/images/fd/tg/g1/M06/FC/24/CghzflW7H_iATdynAAA-FlXAIeA738.jpg
银川,爱乒搏乒乓球俱乐部,145403936,38.475594,106.258084,0.0,,https://dimg04.c-ctrip.com/images/0HJ1g12000g8ukm7dB0F1.jpg
银川,西干北寺,145426840,38.329471,106.055386,0.0,,https://dimg04.c-ctrip.com/images/fd/tg/g1/M06/FC/24/CghzflW7H_iATdynAAA-FlXAIeA738.jpg
银川,绘本TAXI儿童图画书借阅馆(双福巷店),145442333,38.489597,106.291542,0.0,,https://dimg04.c-ctrip.com/images/0HJ6h12000g2wd50iCABA.jpg
银川,银川军魂园,145456307,38.414555,106.162157,0.0,,https://dimg04.c-ctrip.com/images/0HJ6q12000g6eaehhC069.jpg
银川,下北叉,145456316,38.643052,105.88714,0.0,,https://dimg04.c-ctrip.com/images/fd/tg/g1/M06/FC/24/CghzflW7H_iATdynAAA-FlXAIeA738.jpg
银川,安秀社区党群活动服务站,145462032,38.475953,106.256606,0.0,,https://dimg04.c-ctrip.com/images/fd/tg/g1/M06/FC/24/CghzflW7H_iATdynAAA-FlXAIeA738.jpg
银川,银川布洛克网咖,145477105,38.492552,106.264525,0.0,,https://dimg04.c-ctrip.com/images/0HJ1312000g6x9jsv443F.jpg
银川,兴庆区文旅局小阅书房(建发东方红广场店),145483283,38.461905,106.282015,0.0,,https://dimg04.c-ctrip.com/images/fd/tg/g1/M06/FC/24/CghzflW7H_iATdynAAA-FlXAIeA738.jpg
银川,艾可丽儿童鱼乐(新华百货宁阳广场店),145535178,38.492626,106.135822,0.0,,https://dimg04.c-ctrip.com/images/0102u1200086k28vc0A5C.jpg
银川,宝南社区党群活动服务站,145536348,38.441289,106.285159,0.0,,https://dimg04.c-ctrip.com/images/0HJ0v12000g8zna1y174C.jpg
银川,老爷庙,145536363,38.478254,106.314305,0.0,,https://dimg04.c-ctrip.com/images/fd/tg/g1/M06/FC/24/CghzflW7H_iATdynAAA-FlXAIeA738.jpg
银川,琴筝舞乐齐蓝书画社,145540919,38.483399,106.21583,0.0,,https://dimg04.c-ctrip.com/images/fd/tg/g1/M06/FC/24/CghzflW7H_iATdynAAA-FlXAIeA738.jpg
银川,万达影城(万达广场银川金凤店),145711863,38.485518,106.248751,0.0,,https://dimg04.c-ctrip.com/images/0HJ4e12000g2sqkz7BD0A.jpg
银川,狮途少儿篮球俱乐部,145728142,38.497526,106.152057,0.0,,https://dimg04.c-ctrip.com/images/0HJ0112000g8w6x4t69F1.jpg
银川,金沙湾大众浴场,145785122,38.46717,106.29512,0.0,,https://dimg04.c-ctrip.com/images/0HJ1p12000g2umasfB530.jpg
银川,大众洗浴(怀远东路店),145793332,38.490531,106.168323,0.0,,https://dimg04.c-ctrip.com/images/0HJ0y12000g2u2cdiF5BE.jpg
银川,火车头跆拳道俱乐部(宝湖馆),145803651,38.455158,106.247677,0.0,,https://dimg04.c-ctrip.com/images/0HJ1t12000g889x0v32B6.jpg
银川,四方城茶社·24h自助麻将棋牌室(二中店),145804045,38.484248,106.293451,0.0,,https://dimg04.c-ctrip.com/images/0HJ4312000g2uyump5618.jpg
银川,银川凤翔赛鸽俱乐部,145805077,38.414806,106.295694,0.0,,https://dimg04.c-ctrip.com/images/0102u1200086k28vc0A5C.jpg
银川,宁夏韵极青少年国术馆,145808264,38.510112,106.134871,0.0,,https://dimg04.c-ctrip.com/images/0102u1200086k28vc0A5C.jpg
银川,云际桌球会所,145813632,38.476086,106.286282,0.0,,https://dimg04.c-ctrip.com/images/0HJ6x12000g6651y5E04D.jpg
银川,康乐富指压休闲中心,145813633,38.47792,106.181459,0.0,,https://dimg04.c-ctrip.com/images/0HJ1f12000g658s8g4700.jpg
银川,FUN俱乐部·Lunaticus Moon(世和天玺商务中心C座店),145815086,38.4825,106.265841,0.0,,https://dimg04.c-ctrip.com/images/0102u1200086k28vc0A5C.jpg
银川,尚都台球(舜天嘉园店),145818198,38.470145,106.136634,0.0,,https://dimg04.c-ctrip.com/images/0HJ5l12000g2z5k9rB246.jpg
银川,宁夏大学新华学院-中心区单间浴室,145823267,38.49932,106.117962,0.0,,https://dimg04.c-ctrip.com/images/0102u1200086k28vc0A5C.jpg
银川,宁夏工会大厦-棋牌室,145826020,38.466557,106.27662,0.0,,https://dimg04.c-ctrip.com/images/0102u1200086k28vc0A5C.jpg
银川,行阅台球,145834986,38.491242,106.238875,0.0,,https://dimg04.c-ctrip.com/images/0HJ3f12000g8k3ee9E63C.jpg
银川,银川国际会展中心-南广场,145849188,38.486037,106.22416,0.0,,https://dimg04.c-ctrip.com/images/0102u1200086k28vc0A5C.jpg
银川,西夏机车联盟运动俱乐部,145849373,38.518843,106.229579,0.0,,https://dimg04.c-ctrip.com/images/0102u1200086k28vc0A5C.jpg
银川,拾贰台球厅,145853474,38.498288,106.185865,0.0,,https://dimg04.c-ctrip.com/images/0HJ1b12000g3417bgE0F7.jpg
银川,篮球馆,145854888,38.472808,106.218716,0.0,,https://dimg04.c-ctrip.com/images/0102u1200086k28vc0A5C.jpg
银川,菲动武道体能(北京华联海悦广场银川海悦店),145855566,38.461612,106.247461,0.0,,https://dimg04.c-ctrip.com/images/0HJ1012000g2w84sxE387.jpg
银川,深蓝实景密室逃脱(建发家世界商业广场店),145855568,38.459781,106.290839,0.0,,https://dimg04.c-ctrip.com/images/0102u1200086k28vc0A5C.jpg
银川,创梦者超级密室沉浸式剧场(万达店),145863418,38.489438,106.238842,0.0,,https://dimg04.c-ctrip.com/images/0HJ0k12000g670fd08C99.jpg
银川,北塔湖公园篮球场,145864865,38.485723,106.280679,0.0,,https://dimg04.c-ctrip.com/images/0HJ3a12000g66vavy63AF.jpg
银川,西夏区全民健身活动中心,145887958,38.496216,106.114623,0.0,,https://dimg04.c-ctrip.com/images/0102u1200086k28vc0A5C.jpg
银川,五人制足球场,145893026,38.505688,106.140628,0.0,,https://dimg04.c-ctrip.com/images/0102u1200086k28vc0A5C.jpg
银川,新市区百货大楼儿童乐园(新市区百货大楼店),145897884,38.485703,106.126341,0.0,,https://dimg04.c-ctrip.com/images/0102u1200086k28vc0A5C.jpg
银川,夏季外场,145908824,38.448641,106.26622,0.0,,https://dimg04.c-ctrip.com/images/0HJ2a12000g2z54y3F754.jpg
银川,酷典台球俱乐部,145913132,38.44579,106.216566,0.0,,https://dimg04.c-ctrip.com/images/0102u1200086k28vc0A5C.jpg
银川,星野电竞,145914582,38.42978,106.279641,0.0,,https://dimg04.c-ctrip.com/images/0102u1200086k28vc0A5C.jpg
银川,尊龙台球俱乐部,145922747,38.491314,106.135568,0.0,,https://dimg04.c-ctrip.com/images/0102u1200086k28vc0A5C.jpg
银川,博纳国际影城(银川悠阅城店),145924540,38.428551,106.238068,0.0,,https://dimg04.c-ctrip.com/images/0102u1200086k28vc0A5C.jpg
银川,沸点桌球俱乐部,145927679,38.505947,106.123489,0.0,,https://dimg04.c-ctrip.com/images/0HJ5v12000g8tzp9zA96F.jpg
银川,勇豪桌球俱乐部,145928753,38.45371,106.324398,0.0,,https://dimg04.c-ctrip.com/images/0HJ1v12000g8yz88oCBED.jpg
银川,逸枫篮球训练馆,145974209,38.467406,106.202013,0.0,,https://dimg04.c-ctrip.com/images/0102u1200086k28vc0A5C.jpg
银川,立风九天网羽(元搏校区),145978317,38.491416,106.242634,0.0,,https://dimg04.c-ctrip.com/images/0102u1200086k28vc0A5C.jpg
银川,零号广场,145982635,38.487229,106.2041,0.0,,https://dimg04.c-ctrip.com/images/0102u1200086k28vc0A5C.jpg
银川,银川漂移公园,148653419,38.502445,106.098709,0.0,,https://dimg04.c-ctrip.com/images/fd/tg/g1/M06/FC/24/CghzflW7H_iATdynAAA-FlXAIeA738.jpg
银川,搏越运动康复诊所,148654567,38.507512,106.246731,0.0,,https://dimg04.c-ctrip.com/images/0HJ0312000g33r7c86EBE.jpg
银川,东方启明星青少儿篮球培训(17小校区),148664236,38.449022,106.232728,0.0,,https://dimg04.c-ctrip.com/images/0HJ0x12000g6cydsx83C2.jpg
银川,人来人往大众洗浴,148673744,38.479329,106.343691,0.0,,https://dimg04.c-ctrip.com/images/0102u1200086k28vc0A5C.jpg
银川,悦海宾馆-康体中心,148677736,38.502493,106.225688,0.0,,https://dimg04.c-ctrip.com/images/0102u1200086k28vc0A5C.jpg
银川,尚行小将跑酷,148687399,38.486372,106.248971,0.0,,https://dimg04.c-ctrip.com/images/0102u1200086k28vc0A5C.jpg
银川,鼎辉桌球俱乐部,148692013,38.495782,106.114176,0.0,,https://dimg04.c-ctrip.com/images/0102u1200086k28vc0A5C.jpg
银川,静屿图书馆,148698242,38.487964,106.248941,0.0,,https://dimg04.c-ctrip.com/images/fd/tg/g1/M06/FC/24/CghzflW7H_iATdynAAA-FlXAIeA738.jpg
银川,银信浴足桑拿器材总汇,148699722,38.457441,106.279372,0.0,,https://dimg04.c-ctrip.com/images/0102u1200086k28vc0A5C.jpg
银川,章子湖生态保护风情园,148702766,38.42917,106.308398,0.0,,https://dimg04.c-ctrip.com/images/fd/tg/g1/M06/FC/24/CghzflW7H_iATdynAAA-FlXAIeA738.jpg
银川,茂盛村四组单间浴室,148702777,38.468812,106.375307,0.0,,https://dimg04.c-ctrip.com/images/0102u1200086k28vc0A5C.jpg
银川,银川市兴庆区星海网咖(银河巷店),148756969,38.469501,106.290248,0.0,,https://dimg04.c-ctrip.com/images/0HJ4412000g63b4ew81C9.jpg
银川,蜜境剧本游戏密室逃脱(银川旗舰店),148766287,38.481504,106.247507,0.0,,https://dimg04.c-ctrip.com/images/0102u1200086k28vc0A5C.jpg
银川,镇北堡镇文化站羽毛球馆,148768645,38.627747,106.067515,0.0,,https://dimg04.c-ctrip.com/images/0102u1200086k28vc0A5C.jpg
银川,名满钓场,148774827,38.454488,106.340023,0.0,,https://dimg04.c-ctrip.com/images/0102u1200086k28vc0A5C.jpg
银川,星铂台球,148775480,38.459364,106.29055,0.0,,https://dimg04.c-ctrip.com/images/0102u1200086k28vc0A5C.jpg
银川,酷九台球俱乐部,148779160,38.576553,106.581919,0.0,,https://dimg04.c-ctrip.com/images/0102u1200086k28vc0A5C.jpg
银川,四方城茶社·24h自助麻将棋牌室(西门店),148793857,38.473692,106.246022,0.0,,https://dimg04.c-ctrip.com/images/0102u1200086k28vc0A5C.jpg
银川,社区运动健康中心,148797087,38.505559,106.165211,0.0,,https://dimg04.c-ctrip.com/images/0102u1200086k28vc0A5C.jpg
银川,聚星篮球馆,145313445,38.471484,106.314595,0.0,,https://dimg04.c-ctrip.com/images/0HJ5e12000g8wx0j5059A.jpg
银川,第二农场渠,145318721,38.62912,106.22933,0.0,,https://dimg04.c-ctrip.com/images/fd/tg/g1/M06/FC/24/CghzflW7H_iATdynAAA-FlXAIeA738.jpg
银川,金逸影城(新华百货宁阳广场店),145323125,38.491456,106.135883,0.0,,https://dimg04.c-ctrip.com/images/0HJ2g12000g74unrl8F88.jpg
银川,月牙湖上一队清真大寺,145653833,38.603952,106.598058,0.0,,https://dimg04.c-ctrip.com/images/fd/tg/g1/M06/FC/24/CghzflW7H_iATdynAAA-FlXAIeA738.jpg
银川,银川历史地震科普浮雕,145663826,38.517336,106.310398,0.0,,https://dimg04.c-ctrip.com/images/fd/tg/g1/M06/FC/24/CghzflW7H_iATdynAAA-FlXAIeA738.jpg
银川,LOOK+ME活动室,145667895,38.494899,106.11575,0.0,,https://dimg04.c-ctrip.com/images/fd/tg/g1/M06/FC/24/CghzflW7H_iATdynAAA-FlXAIeA738.jpg
银川,潮童公园(新华百货CC Park购物广场店),145668136,38.48402,106.212929,0.0,,https://dimg04.c-ctrip.com/images/0102u1200086k28vc0A5C.jpg
银川,男孩女孩教育乐园,145673564,38.445446,106.255684,0.0,,https://dimg04.c-ctrip.com/images/fd/tg/g1/M06/FC/24/CghzflW7H_iATdynAAA-FlXAIeA738.jpg
银川,通溪荷花池,145683120,38.512226,106.446762,0.0,,https://dimg04.c-ctrip.com/images/fd/tg/g1/M06/FC/24/CghzflW7H_iATdynAAA-FlXAIeA738.jpg
银川,康熙渡河亭,145683125,38.359604,106.420492,0.0,,https://dimg04.c-ctrip.com/images/fd/tg/g1/M06/FC/24/CghzflW7H_iATdynAAA-FlXAIeA738.jpg
银川,泰龙e家网咖,145687592,38.456775,106.237257,0.0,,https://dimg04.c-ctrip.com/images/0HJ5b12000g6leu1v2E6C.jpg
银川,岛屿桌游剧本演绎推理馆,145883348,38.488989,106.192608,0.0,,https://dimg04.c-ctrip.com/images/0HJ6i12000g676qti3EEF.jpg
银川,悦CLUB台球精酿俱乐部,145938858,38.504909,106.201665,0.0,,https://dimg04.c-ctrip.com/images/0HJ2912000g68pj8p3195.jpg
银川,君逸澡堂子,145944179,38.490522,106.168313,0.0,,https://dimg04.c-ctrip.com/images/0HJ0y12000g2u2cdiF5BE.jpg
银川,哪吒道运动长高馆,145944907,38.480343,106.166847,0.0,,https://dimg04.c-ctrip.com/images/0102u1200086k28vc0A5C.jpg
银川,璟点·乐逍遥台球俱乐部,145948809,38.517574,106.277126,0.0,,https://dimg04.c-ctrip.com/images/0102u1200086k28vc0A5C.jpg
银川,中八乔氏台球俱乐部,145992238,38.492019,106.152309,0.0,,https://dimg04.c-ctrip.com/images/0HJ6l12000g71z00eC424.jpg
银川,英豪桌球俱乐部,145997094,38.470015,106.137765,0.0,,https://dimg04.c-ctrip.com/images/0HJ3k12000g64zkr0D128.jpg
银川,嗨马屋,146003826,38.474703,106.251693,0.0,,https://dimg04.c-ctrip.com/images/0HJ6712000g30rv1d83D3.jpg
银川,陶莲足浴影院式足道·SPA·按摩(吾悦广场店),146008057,38.469171,106.320333,0.0,,https://dimg04.c-ctrip.com/images/0102u1200086k28vc0A5C.jpg
银川,燕鸽湖体育馆,146017978,38.450216,106.334301,0.0,,https://dimg04.c-ctrip.com/images/0HJ3e12000g383qnb8831.jpg
银川,山涧云端足浴(银川阿拉善广场店),146023644,38.487123,106.17695,0.0,,https://dimg04.c-ctrip.com/images/0HJ5n12000g33zbnvCB67.jpg
银川,名爵仕台球俱乐部,146026775,38.354583,106.116506,0.0,,https://dimg04.c-ctrip.com/images/0102u1200086k28vc0A5C.jpg
银川,玩皮斯主机游戏,146027838,38.483005,106.188289,0.0,,https://dimg04.c-ctrip.com/images/0HJ5512000g66hii4239B.jpg
银川,力方游泳馆,146043384,38.458655,106.290704,0.0,,https://dimg04.c-ctrip.com/images/0102u1200086k28vc0A5C.jpg
银川,晨晚练广场(黄河东路),146043403,38.472157,106.252676,0.0,,https://dimg04.c-ctrip.com/images/0102u1200086k28vc0A5C.jpg
银川,鹰辉网球俱乐部,146044389,38.477147,106.28415,0.0,,https://dimg04.c-ctrip.com/images/0102u1200086k28vc0A5C.jpg
银川,乐驰手柄游戏,146046580,38.503988,106.139687,0.0,,https://dimg04.c-ctrip.com/images/0HJ1112000g301vgf987F.jpg
银川,院内单间浴室,146047641,38.468772,106.375027,0.0,,https://dimg04.c-ctrip.com/images/0102u1200086k28vc0A5C.jpg
银川,尚都台球(绿地国际花都店),146051545,38.507289,106.138152,0.0,,https://dimg04.c-ctrip.com/images/0102u1200086k28vc0A5C.jpg
银川,水上公园中心广场城市主题秀,146053354,38.515449,106.229897,0.0,,https://dimg04.c-ctrip.com/images/0102u1200086k28vc0A5C.jpg
银川,捣两杆桌球,146081374,38.489267,106.123281,0.0,,https://dimg04.c-ctrip.com/images/0102u1200086k28vc0A5C.jpg
银川,零秒体育俱乐部,146091409,38.473143,106.274525,0.0,,https://dimg04.c-ctrip.com/images/0HJ4q12000g6ts2233018.jpg
银川,悦信网球,146091474,38.511641,106.21249,0.0,,https://dimg04.c-ctrip.com/images/0102u1200086k28vc0A5C.jpg
银川,小甘沟,146096111,38.537348,105.907371,0.0,,https://dimg04.c-ctrip.com/images/fd/tg/g1/M06/FC/24/CghzflW7H_iATdynAAA-FlXAIeA738.jpg
银川,金凤区全民健身中心游泳馆,146111343,38.509326,106.256917,0.0,,https://dimg04.c-ctrip.com/images/0102u1200086k28vc0A5C.jpg
银川,丝路文化广场,146127237,38.487111,106.204741,0.0,,https://dimg04.c-ctrip.com/images/0102u1200086k28vc0A5C.jpg
银川,宁夏职业技术学院新校区-体育场,146146042,38.527418,106.139718,0.0,,https://dimg04.c-ctrip.com/images/0102u1200086k28vc0A5C.jpg
银川,台友汇台球俱乐部,146151322,38.481337,106.168116,0.0,,https://dimg04.c-ctrip.com/images/0102u1200086k28vc0A5C.jpg
银川,雪嘉峰室内滑雪训练基地(新华百货CC Park购物广场店),108167775,38.482592,106.215054,0.0,这是一家室内滑雪训练基地—“雪嘉峰室内滑雪训练基地”滑雪不仅能够培养孩子自信阳光的气质更能塑造孩子坚强、勇敢、自律的性格身体和精神的双重锻炼。滑雪便成为一种令人羡慕的“社交技能”或“谋生手段”。一年四季都可以滑雪的室内乐园是亲子玩耍的好去处~更是零基础滑雪者的速成基地！你的滑雪第一课从雪嘉峰室内滑雪基地开始专业、安全、高效雪嘉峰室内滑雪基地助力实现你的滑雪梦想,https://dimg04.c-ctrip.com/images/fd/tg/g1/M0A/FC/26/CghzflW7IBWAQ9avAAA22AXeLeI484.jpg
银川,OasisVR馆,108263118,38.470542,106.247919,0.0,银川Oasis VR游戏对战馆是一家多人VR互动游戏店，店内配备多台KAT VR万向行动平台VR设备，可实现虚拟空间内无限制空间移动游戏，真正的让你体验到电影《头号玩家》里的游戏感受。本店设备支持KAT游戏平台及现下主流steam平台所有游戏，并可实现多人联网联机互动游戏。三五朋友组队探险杀敌、一人闯关探秘鬼怪之地、与国外玩家VR联网CS这些都轻松实现。店内还配备PS4、Switch、360XBOX、复古小霸王红白机等各类游戏设备。,https://dimg04.c-ctrip.com/images/0HJ6z12000g91t2wx537F.jpg
银川,双飒乒乓,148572429,38.456075,106.282304,0.0,,https://dimg04.c-ctrip.com/images/0102u1200086k28vc0A5C.jpg
银川,塔南广场,148572791,38.491218,106.279877,0.0,,https://dimg04.c-ctrip.com/images/0102u1200086k28vc0A5C.jpg
银川,印迹乔氏台球俱乐部,148573301,38.465101,106.294819,0.0,,https://dimg04.c-ctrip.com/images/0HJ1q12000g2veqa2D2D7.jpg
银川,百优体育运动俱乐部,148712388,38.440852,106.328907,0.0,,https://dimg04.c-ctrip.com/images/0102u1200086k28vc0A5C.jpg
银川,以友台球,148735463,38.424654,106.284045,0.0,,https://dimg04.c-ctrip.com/images/0HJ5s12000g8o70650CCF.jpg
银川,怒鸦娱乐体验馆,148736741,38.448425,106.262199,0.0,,https://dimg04.c-ctrip.com/images/0HJ1s12000g2t6y738669.jpg
银川,斯雷克台球俱乐部,148746337,38.455352,106.30259,0.0,,https://dimg04.c-ctrip.com/images/0HJ6u12000g921oemD22C.jpg
银川,青亭桌球,148750609,38.464392,106.216178,0.0,,https://dimg04.c-ctrip.com/images/0102u1200086k28vc0A5C.jpg
银川,东方启明星青少儿篮球培训(12小校区),148754615,38.459432,106.231824,0.0,,https://dimg04.c-ctrip.com/images/0102u1200086k28vc0A5C.jpg
银川,宝湖广场,148754637,38.44946,106.241362,0.0,,https://dimg04.c-ctrip.com/images/0102u1200086k28vc0A5C.jpg
银川,前进街街道办事处星光华社区服务站,148760181,38.441896,106.265342,0.0,,https://dimg04.c-ctrip.com/images/fd/tg/g1/M06/FC/24/CghzflW7H_iATdynAAA-FlXAIeA738.jpg
银川,杏福李休闲农庄,149266757,38.475422,106.056628,0.0,,https://dimg04.c-ctrip.com/images/0102u1200086k28vc0A5C.jpg
银川,解忧乐园谷店,149273434,38.483785,106.289529,0.0,,https://dimg04.c-ctrip.com/images/0102u1200086k28vc0A5C.jpg
银川,DW十一次地散打基地(正源店),149296841,38.478041,106.248922,0.0,,https://dimg04.c-ctrip.com/images/0102u1200086k28vc0A5C.jpg
银川,巴马瑶寨头疗养生,149306374,38.453466,106.219838,0.0,,https://dimg04.c-ctrip.com/images/0102u1200086k28vc0A5C.jpg
银川,善依美(枫林湾店),151260731,38.447963,106.224675,0.0,,https://dimg04.c-ctrip.com/images/0102u1200086k28vc0A5C.jpg
银川,头道汤妙手有道(御景湖城店),151274692,38.448513,106.218902,0.0,,https://dimg04.c-ctrip.com/images/0102u1200086k28vc0A5C.jpg
银川,龙婷足道,151276069,38.478514,106.330069,0.0,,https://dimg04.c-ctrip.com/images/0102u1200086k28vc0A5C.jpg
银川,LM Pilates乐美普拉提运动美学馆,151276082,38.522232,106.276124,0.0,,https://dimg04.c-ctrip.com/images/0102u1200086k28vc0A5C.jpg
银川,酷狗直播(京拉线店),151284432,38.454915,106.300378,0.0,,https://dimg04.c-ctrip.com/images/0102u1200086k28vc0A5C.jpg
银川,盛典台球(怀远东路),151289026,38.491193,106.138817,0.0,,https://dimg04.c-ctrip.com/images/0102u1200086k28vc0A5C.jpg
银川,萨特电竞,151294369,38.475168,106.257751,0.0,,https://dimg04.c-ctrip.com/images/0102u1200086k28vc0A5C.jpg
银川,野趣·ReFit,151294395,38.532068,106.282352,0.0,,https://dimg04.c-ctrip.com/images/0102u1200086k28vc0A5C.jpg
银川,人名文创宁夏馆,151300001,38.510403,106.314895,0.0,,https://dimg04.c-ctrip.com/images/fd/tg/g1/M06/FC/24/CghzflW7H_iATdynAAA-FlXAIeA738.jpg
银川,极意电竞馆,150165235,38.482337,106.265796,0.0,,https://dimg04.c-ctrip.com/images/0102u1200086k28vc0A5C.jpg
银川,兴庆区劳动文化公园工会驿站,150171073,38.446159,106.269133,0.0,,https://dimg04.c-ctrip.com/images/fd/tg/g1/M06/FC/24/CghzflW7H_iATdynAAA-FlXAIeA738.jpg
银川,金阳社区妇女之家,150174044,38.533365,106.155804,0.0,,https://dimg04.c-ctrip.com/images/fd/tg/g1/M06/FC/24/CghzflW7H_iATdynAAA-FlXAIeA738.jpg
银川,滑板轮滑冰雪运动成长中心(悦海新天地店),150359542,38.495049,106.247584,0.0,,https://dimg04.c-ctrip.com/images/0102u1200086k28vc0A5C.jpg
银川,憬曦游乐场,150359675,38.51105,106.256962,0.0,,https://dimg04.c-ctrip.com/images/fd/tg/g1/M06/FC/24/CghzflW7H_iATdynAAA-FlXAIeA738.jpg
银川,博守击剑综合运动馆,150363911,38.444077,106.269276,0.0,,https://dimg04.c-ctrip.com/images/0102u1200086k28vc0A5C.jpg
银川,密语云间养生桑拿会所,150365151,38.438887,106.298996,0.0,,https://dimg04.c-ctrip.com/images/0102u1200086k28vc0A5C.jpg
银川,八一社区妇女之家,150367902,38.507494,106.122276,0.0,,https://dimg04.c-ctrip.com/images/fd/tg/g1/M06/FC/24/CghzflW7H_iATdynAAA-FlXAIeA738.jpg
银川,妇女之家(兴庆区银古路迎宾社区),150373381,38.433454,106.299144,0.0,,https://dimg04.c-ctrip.com/images/fd/tg/g1/M06/FC/24/CghzflW7H_iATdynAAA-FlXAIeA738.jpg
银川,湖畔嘉苑福瑞苑健身亭,150388142,38.470304,106.202477,0.0,,https://dimg04.c-ctrip.com/images/0102u1200086k28vc0A5C.jpg
银川,富强台球俱乐部,150396639,38.3757,106.092557,0.0,,https://dimg04.c-ctrip.com/images/0102u1200086k28vc0A5C.jpg
银川,小闫按摩中心,150397936,38.510659,106.306133,0.0,,https://dimg04.c-ctrip.com/images/0102u1200086k28vc0A5C.jpg
银川,妇女之家(兴庆区富宁街自强社区),150413335,38.468988,106.261742,0.0,,https://dimg04.c-ctrip.com/images/fd/tg/g1/M06/FC/24/CghzflW7H_iATdynAAA-FlXAIeA738.jpg
银川,小王子与土豆仔(新华百货宁阳广场店),150420862,38.491682,106.13625,0.0,,https://dimg04.c-ctrip.com/images/0102u1200086k28vc0A5C.jpg
银川,巨核24小时智能健身俱乐部,151313735,38.494801,106.246219,0.0,,https://dimg04.c-ctrip.com/images/0102u1200086k28vc0A5C.jpg
银川,宁夏工商职业技术学院新校区-体育馆,151318313,38.529339,106.131644,0.0,,https://dimg04.c-ctrip.com/images/0102u1200086k28vc0A5C.jpg
银川,三合电竞,151319330,38.490691,106.239976,0.0,,https://dimg04.c-ctrip.com/images/0102u1200086k28vc0A5C.jpg
银川,创领致美东方御养(万科翡翠林溪花园小区店),151329177,38.451401,106.217979,0.0,,https://dimg04.c-ctrip.com/images/0102u1200086k28vc0A5C.jpg
银川,议事亭,150194911,38.492298,106.489637,0.0,,https://dimg04.c-ctrip.com/images/fd/tg/g1/M06/FC/24/CghzflW7H_iATdynAAA-FlXAIeA738.jpg
银川,银新苑北社区党群活动服务站,150204725,38.49572,106.240181,0.0,,https://dimg04.c-ctrip.com/images/fd/tg/g1/M06/FC/24/CghzflW7H_iATdynAAA-FlXAIeA738.jpg
银川,乐舒康按摩中心,150204726,38.479158,106.324118,0.0,,https://dimg04.c-ctrip.com/images/0102u1200086k28vc0A5C.jpg
银川,妇女之家(兴庆区银古路景湖社区),150214562,38.465251,106.309979,0.0,,https://dimg04.c-ctrip.com/images/fd/tg/g1/M06/FC/24/CghzflW7H_iATdynAAA-FlXAIeA738.jpg
银川,妇女之家(纺苑),150238314,38.490034,106.134405,0.0,,https://dimg04.c-ctrip.com/images/fd/tg/g1/M06/FC/24/CghzflW7H_iATdynAAA-FlXAIeA738.jpg
银川,茂盛香草文化园,148546724,38.466271,106.373366,0.0,,https://dimg04.c-ctrip.com/images/fd/tg/g1/M06/FC/24/CghzflW7H_iATdynAAA-FlXAIeA738.jpg
银川,尚酷乔氏台球俱乐部,148550808,38.471981,106.195393,0.0,,https://dimg04.c-ctrip.com/images/0102u1200086k28vc0A5C.jpg
银川,长城花园社区雷锋广场,148599992,38.466224,106.251989,0.0,,https://dimg04.c-ctrip.com/images/0102u1200086k28vc0A5C.jpg
银川,乐沐汤泉洗浴汗蒸,148602282,38.452124,106.271618,0.0,,https://dimg04.c-ctrip.com/images/0HJ4d12000g89cwfz07E7.jpg
银川,影院式(澳海熙园店),148605874,38.446731,106.231493,0.0,,https://dimg04.c-ctrip.com/images/0102u1200086k28vc0A5C.jpg
银川,牧云阁美术馆,148619519,38.46875,106.29038,0.0,,https://dimg04.c-ctrip.com/images/fd/tg/g1/M06/FC/24/CghzflW7H_iATdynAAA-FlXAIeA738.jpg
银川,健英台球俱乐部(学明园东区店),148863435,38.504935,106.139948,0.0,,https://dimg04.c-ctrip.com/images/0102u1200086k28vc0A5C.jpg
银川,般若密室(东方红总店),148864515,38.460648,106.28137,0.0,,https://dimg04.c-ctrip.com/images/0102u1200086k28vc0A5C.jpg
银川,自由空间(争先巷店),149345102,38.493719,106.151661,0.0,,https://dimg04.c-ctrip.com/images/0102u1200086k28vc0A5C.jpg
银川,剧场沉浸故事,149383534,38.438406,106.270062,0.0,,https://dimg04.c-ctrip.com/images/0102u1200086k28vc0A5C.jpg
银川,乡愁记忆馆,149644714,38.495719,106.487369,0.0,,https://dimg04.c-ctrip.com/images/fd/tg/g1/M06/FC/24/CghzflW7H_iATdynAAA-FlXAIeA738.jpg
银川,凯思电竞(良田购物广场店),149646177,38.469445,106.24204,0.0,,https://dimg04.c-ctrip.com/images/0102u1200086k28vc0A5C.jpg
银川,小闫推拿馆,149949370,38.51132,106.304798,0.0,,https://dimg04.c-ctrip.com/images/0102u1200086k28vc0A5C.jpg
银川,宁夏科技馆-宇宙探秘,149990357,38.488096,106.22653,0.0,,https://dimg04.c-ctrip.com/images/fd/tg/g1/M06/FC/24/CghzflW7H_iATdynAAA-FlXAIeA738.jpg
银川,古乐堂养骨馆,149991841,38.476679,106.178839,0.0,,https://dimg04.c-ctrip.com/images/0102u1200086k28vc0A5C.jpg
银川,观花町,150141392,38.465602,106.267863,0.0,,https://dimg04.c-ctrip.com/images/0102u1200086k28vc0A5C.jpg
银川,妇女之家(兴庆区大新镇湖韵社区),150145549,38.438591,106.318458,0.0,,https://dimg04.c-ctrip.com/images/fd/tg/g1/M06/FC/24/CghzflW7H_iATdynAAA-FlXAIeA738.jpg
银川,佐登妮丝(玺悦湾店),150151259,38.5068,106.20414,0.0,,https://dimg04.c-ctrip.com/images/0102u1200086k28vc0A5C.jpg
银川,妇女之家(兴庆区掌政镇镇河村党群服务中心),150155406,38.45051,106.392351,0.0,,https://dimg04.c-ctrip.com/images/fd/tg/g1/M06/FC/24/CghzflW7H_iATdynAAA-FlXAIeA738.jpg
银川,骑士部落马术俱乐部,150224339,38.397143,106.390995,0.0,,https://dimg04.c-ctrip.com/images/0102u1200086k28vc0A5C.jpg
